# SBD,#Brands,#Key,#Oth,#Rand,#Raw,#SimBrs,#SimKey,AvgWL,Dom len,Domain,Label,MaxWL,MinWL,Path,Path len,Protocol,RandD,Sbd len,Subdomain,URL len
0,0,1,0,1,3,0,0,7.333333333333333,16,liquidgeneration,0,16,3,/,1,http,True,3,www,32
0,0,0,0,2,3,0,0,5.666666666666667,11,onlineanime,0,11,3,/,1,http,True,3,www,27
0,1,0,0,3,9,0,0,4.111111111111111,3,dti,0,8,2,/~nekoi/senno/senfirst.html,27,http,False,9,www.ceres,53
0,0,1,0,1,4,0,0,3.75,6,galeon,0,6,3,/kmh/,5,http,True,3,www,26
0,0,1,0,1,3,0,0,5.666666666666667,11,fanworkrecs,0,11,3,/,1,http,True,3,www,27
0,0,1,0,1,3,0,0,5.333333333333333,10,animehouse,0,10,3,/,1,http,True,3,www,26
0,1,0,0,1,7,0,0,4.0,3,117,0,8,2,/~mb1996ax/enadc.html,21,http,True,4,www2,42
0,0,0,0,4,7,0,0,4.857142857142857,4,rhps,0,8,3,/fritters/yui/index.html,24,http,False,7,archive,47
0,0,1,0,1,3,0,0,6.666666666666667,14,freecartoonsex,0,14,3,/,1,http,True,3,www,30
0,0,0,0,2,3,0,0,4.333333333333333,7,cutepet,0,7,3,/,1,http,True,3,www,23
0,0,1,0,1,3,0,0,6.666666666666667,14,taremeparadise,0,14,3,/,1,http,True,3,www,30
0,0,1,0,4,7,0,0,6.571428571428571,12,internetdump,0,13,3,/users/pornographite/index1.html,32,http,True,3,www,59
0,1,0,0,1,2,0,0,7.5,12,darkkaminari,0,12,3,,0,http,True,0,,23
0,1,0,0,2,6,0,0,4.0,3,iei,0,7,3,/~bkos1/velneko.htm,19,http,True,3,www,37
0,0,1,0,3,5,0,0,6.0,8,kinghost,0,9,3,/fetish/hentaibee/,18,http,True,4,www9,42
0,0,1,0,1,3,0,0,5.666666666666667,11,jasonmeador,0,11,3,/,1,http,True,3,www,27
0,0,1,0,3,6,0,0,5.833333333333333,9,geocities,0,11,3,/kaseychan17/index.html,23,http,True,3,www,47
0,0,1,0,4,7,0,0,6.142857142857143,9,angelfire,0,12,3,/journal/coldlemonade/index.html,32,http,True,3,www,56
0,1,2,0,8,12,0,0,3.6666666666666665,7,webring,0,8,1,/hub,4,http,True,1,e,64
0,1,0,0,1,3,0,0,6.666666666666667,14,nemurokinenkan,0,14,3,,0,http,True,3,www,29
0,0,1,0,4,6,0,0,4.333333333333333,6,tripod,0,7,1,/library.htm,12,http,True,8,j-heaven,38
0,0,1,0,3,5,0,0,7.0,9,angelfire,0,14,3,/poetry/nicolesstories/,23,http,True,3,www,47
0,0,1,0,3,4,0,0,9.0,6,tripod,0,17,3,/papercrane/,12,http,True,17,thesheeparecoming,47
0,0,1,0,2,4,0,0,8.0,9,geocities,0,17,3,/eddie_monsoon2002/,19,http,True,3,www,43
0,0,1,0,1,3,0,0,4.666666666666667,8,shokushu,0,8,3,/,1,http,True,3,www,24
0,0,1,0,5,8,0,0,5.875,9,geocities,0,11,3,/timessquare/arcade/7810/p_hgames.htm,37,http,True,3,www,61
0,0,1,0,3,6,0,0,6.333333333333333,16,hentaisocialclub,0,16,3,/ganguro/index.html,19,http,True,3,www,50
0,0,1,0,2,3,0,0,7.333333333333333,8,netfirms,0,11,3,/,1,http,True,11,ryogamasaki,32
0,0,1,0,4,6,0,0,4.5,6,tripod,0,7,1,/~chaz16/3.html,15,http,True,7,members,40
0,0,1,0,2,4,0,0,4.5,13,hentai-comics,0,6,3,/,1,http,True,3,www,29
0,0,1,0,1,3,0,0,4.333333333333333,7,jastusa,0,7,3,/,1,http,True,3,www,23
0,0,1,0,1,3,0,0,6.333333333333333,13,peachprincess,0,13,3,/,1,http,True,3,www,29
0,1,1,0,1,4,0,0,4.5,13,g-collections,0,11,1,,0,http,True,3,www,28
0,0,1,0,2,4,0,0,4.25,12,hentai-games,0,6,3,/,1,http,True,3,www,28
0,0,1,0,1,3,0,0,6.0,12,canadahentai,0,12,3,,0,http,True,3,www,27
0,1,1,0,1,4,0,0,4.25,12,hirameki-int,0,8,3,,0,http,True,3,www,27
0,0,1,0,1,3,0,0,5.333333333333333,10,himeyashop,0,10,3,/,1,http,True,3,www,26
0,0,1,0,1,3,0,0,3.6666666666666665,5,jlist,0,5,3,/,1,http,True,3,www,21
0,0,1,0,2,4,0,0,5.5,10,clubspooey,0,10,3,/spooey/,8,http,True,3,www,33
0,0,1,0,1,3,0,0,5.666666666666667,11,hentaigamer,0,11,3,,0,http,True,3,www,26
0,0,1,0,1,3,0,0,4.333333333333333,7,pcrdist,0,7,3,,0,http,True,3,www,22
0,0,1,0,1,3,0,0,4.666666666666667,8,densetsu,0,8,3,/,1,http,True,3,www,24
0,0,1,0,2,5,0,0,5.0,9,animetric,0,9,3,/bgames.html,12,http,True,3,www,36
0,0,2,0,1,5,0,0,3.8,5,jmate,0,5,3,/home.html,10,http,True,3,www,30
0,1,0,0,4,7,0,0,6.0,16,three-musketeers,0,13,3,/mike/animeopinions.html,24,http,True,3,www,55
0,0,1,0,2,3,0,0,6.666666666666667,6,tripod,0,11,3,,0,http,True,11,engbishoujo,29
0,0,1,0,2,4,0,0,6.5,14,somethingawful,0,14,3,/hentai/,8,http,True,3,www,37
0,0,1,0,3,6,0,0,6.0,9,geocities,0,10,3,/aetus_kane/reviews.html,24,http,True,3,www,48
0,0,1,0,1,3,0,0,7.0,15,hentaigameszone,0,15,3,,0,http,True,3,www,30
0,0,1,0,1,6,0,0,7.0,10,hentaineko,0,11,3,/html_peekv/peek_vgames.shtml,29,http,True,3,www,54
0,2,0,0,3,9,0,0,3.6666666666666665,9,asahi-net,0,9,2,/~uz9y-ab/yaoicomic.htm,23,http,True,3,www,49
0,0,1,0,5,8,0,0,5.125,9,geocities,0,9,3,/tokyo/villa/9953/yaoimain.html,31,http,True,3,www,55
0,0,1,0,2,5,0,0,5.8,15,commonastherain,0,15,3,/eros.html,10,http,True,3,www,40
0,0,1,0,3,5,0,0,6.4,9,angelfire,0,11,3,/anime3/hoshinokaze/,20,http,True,3,www,44
0,0,1,0,1,4,0,0,7.0,10,discarnate,0,12,3,/boysnextdoor/,14,http,True,3,www,39
0,0,1,0,3,6,0,0,5.666666666666667,9,geocities,0,11,3,/spirestudio/index.htm,22,http,True,3,www,46
0,0,1,0,4,7,0,0,5.142857142857143,9,angelfire,0,9,3,/me3/mandaplay/index.html,25,http,True,3,www,49
0,0,1,0,5,8,0,0,5.5,9,geocities,0,9,3,/tokyo/courtyard/9155/carosmen.htm,34,http,True,3,www,58
0,0,2,0,3,6,0,0,5.5,6,tripod,0,8,3,/~cheekokr/enter.html,21,http,True,7,members,46
0,0,1,0,0,3,0,0,5.333333333333333,10,aoihayashi,0,10,3,/,1,http,False,3,www,26
0,0,1,0,2,4,0,0,7.75,9,geocities,0,16,3,/shinji_is_my_man/,18,http,True,3,www,42
0,1,0,0,2,4,0,0,6.25,10,cruelangel,0,10,3,/divinitas/,11,http,True,3,www,36
0,0,1,0,3,6,0,0,6.666666666666667,6,tripod,0,13,2,/dt/twisteddesire.html,22,http,True,12,death_of_ase,52
0,1,0,0,2,4,0,0,6.0,10,orchidveil,0,10,3,/trapdoor/,10,http,True,3,www,35
0,0,1,0,3,6,0,0,5.666666666666667,9,geocities,0,11,3,/roryheadmav/main.html,22,http,True,3,www,46
0,0,1,0,3,5,0,0,6.0,9,angelfire,0,9,3,/anime4/wildefyre/,18,http,True,3,www,42
0,1,0,0,0,3,0,0,4.666666666666667,8,yaoiluvr,0,8,3,,0,http,False,3,www,23
0,0,1,0,2,5,0,0,5.2,9,angelfire,0,9,3,/goth2/azrael/,14,http,True,3,www,38
0,1,1,0,2,6,0,0,4.0,7,webring,0,7,1,/hub,4,http,True,1,m,36
0,0,0,0,3,3,0,0,3.6666666666666665,4,free,0,5,2,/,1,http,True,5,onami,21
0,0,1,0,2,4,0,0,7.0,9,geocities,0,13,3,/obsidianblaze/,15,http,True,3,www,39
0,0,1,0,2,4,0,0,8.25,7,ezboard,0,19,3,/badragonballyaoirpg,20,http,False,4,p080,43
0,0,0,0,2,3,0,0,4.666666666666667,8,pureyaoi,0,8,3,/,1,http,True,3,www,24
0,0,1,0,2,4,0,0,4.5,13,gaytoon-japan,0,7,3,,0,http,True,3,www,28
0,1,0,0,1,5,0,0,5.0,11,clubclassic,0,11,3,/yaoi.html,10,http,True,3,www,36
0,0,1,0,3,6,0,0,5.5,9,geocities,0,9,3,/apple_toh/index.html,21,http,True,3,www,45
0,0,1,0,1,3,0,0,4.333333333333333,7,gongaga,0,7,3,/,1,http,True,3,www,23
0,0,1,0,3,5,0,0,7.2,9,angelfire,0,17,3,/goth/doujinshi_rapture/,24,http,True,3,www,48
0,0,1,0,2,3,0,0,8.333333333333334,9,geocities,0,13,3,/plugplaymanga/,15,http,True,0,,35
0,0,1,0,2,4,0,0,4.75,14,kinu-sekigushi,0,9,3,/,1,http,True,3,www,30
0,0,1,0,3,6,0,0,6.5,9,geocities,0,13,3,/can_it_be_sin/index_2.html,27,http,True,3,www,51
0,0,1,0,2,4,0,0,8.0,11,livejournal,0,11,3,/jrockyaoi/,11,http,True,9,community,43
0,0,1,0,3,4,0,0,6.0,13,reverie-noire,0,9,3,/,1,http,True,9,arachnoid,35
0,0,1,0,2,3,0,0,5.0,6,tripod,0,6,3,/,1,http,True,6,totchi,25
0,1,1,0,2,7,0,0,4.142857142857143,5,arcor,0,6,2,/jrock-yaoi/index2.htm,22,http,True,4,home,42
0,1,0,0,4,8,0,0,4.375,6,dtwins,0,10,2,/jfic/efiction30/index.php,26,http,True,3,www,49
0,0,1,0,3,4,0,0,6.0,6,tripod,0,8,3,/starchan/,10,http,True,7,members,35
0,0,1,0,2,4,0,0,6.5,9,geocities,0,11,3,/hushie_hush/,13,http,True,3,www,37
0,0,1,0,1,3,0,0,5.666666666666667,11,cursedmoons,0,11,3,/,1,http,True,3,www,27
0,1,0,0,1,3,0,0,6.0,12,worldshaking,0,12,3,/,1,http,True,3,www,28
0,0,1,0,1,3,0,0,4.666666666666667,8,shoujoai,0,8,3,/,1,http,True,3,www,24
0,0,1,0,4,7,0,0,5.428571428571429,9,angelfire,0,9,3,/anime2/yurifics/index.html,27,http,True,3,www,51
0,1,1,0,3,5,0,0,9.2,5,yahoo,0,27,3,/group/lilypetalsandfallendewdrops/,35,http,False,6,groups,58
0,0,1,0,5,8,0,0,5.125,12,privateholes,0,12,3,/anime/anime-sex/index6.html,28,http,True,3,www,55
0,0,1,0,5,8,0,0,5.25,12,privateholes,0,12,3,/anime/anime-asia/index6.html,29,http,True,3,www,56
0,0,1,0,3,5,0,0,5.0,21,anime-hentai-cartoons,0,8,3,/,1,http,True,3,www,37
0,1,0,0,2,3,0,0,6.0,7,eresmas,0,8,3,/,1,http,True,8,idd00788,28
0,0,1,0,1,3,0,0,4.666666666666667,8,applicot,0,8,3,/,1,http,True,3,www,24
0,0,1,0,4,8,0,0,4.0,12,adultcompass,0,12,1,/avs/0/1/acw/index.html,23,http,True,0,,46
0,0,1,0,3,5,0,0,4.4,18,adult-anime-hentai,0,6,3,/,1,http,True,3,www,34
0,0,1,0,4,7,0,0,4.285714285714286,5,emuck,0,7,3,/archive/egan.html,18,http,True,3,www,43
0,0,1,0,2,4,0,0,5.25,7,danoday,0,7,3,/summit.shtml,13,http,True,0,,31
0,1,1,0,5,7,0,0,11.571428571428571,5,yahoo,0,33,3,/group/voice_actor_appreciation/links/events_and_appearanc_000985383761/,72,http,False,6,groups,95
0,0,1,0,2,3,0,0,7.0,19,voice-international,0,13,3,/,1,http,True,0,,31
0,0,1,0,1,3,0,0,7.333333333333333,16,livinglegendsltd,0,16,3,/,1,http,True,3,www,32
0,1,1,0,4,7,0,0,4.857142857142857,12,voicechasers,0,12,1,/forum/viewforum.php,20,http,True,0,,47
0,0,1,0,1,2,0,0,12.5,22,hollywoodcollectorshow,0,22,3,/,1,http,True,0,,34
0,0,1,0,4,6,0,0,5.5,9,geocities,0,9,3,/hollywood/hills/8944/,22,http,True,3,www,46
0,0,1,0,5,7,0,0,6.857142857142857,11,proboards61,0,15,3,/index.cgi,10,http,True,5,asifa,61
0,1,2,0,9,12,0,0,7.0,5,yahoo,0,24,1,/group/voice_actor_appreciation/cal///group/voice_actor_appreciation/,69,http,False,6,groups,106
0,2,1,0,1,5,0,0,4.4,4,imdb,0,9,2,/name/nm0267724/,16,http,False,2,us,34
0,0,1,0,1,3,0,0,6.333333333333333,13,pamelynferdin,0,13,3,/,1,http,True,3,www,29
0,0,1,0,1,3,0,0,5.0,9,pamferdin,0,9,3,/,1,http,True,3,www,25
0,0,1,0,1,3,0,0,5.0,9,monkeydog,0,9,3,/,1,http,True,3,www,25
0,0,1,0,4,6,0,0,6.0,15,teamknightrider,0,15,3,/cast/plato/plato.html,22,http,True,0,,48
0,2,1,0,1,5,0,0,4.4,4,imdb,0,9,2,/name/nm0281486/,16,http,False,2,us,34
0,0,1,0,3,6,0,0,3.5,3,awn,0,7,1,/anifest-3.html,15,http,True,3,anp,33
0,0,1,0,7,10,0,0,4.3,3,awn,0,11,1,/mag/issue1.7/articles/kowlaskidi1.7.html,41,http,True,3,www,59
0,0,1,0,8,11,0,0,4.0,3,awn,0,13,1,/mag/issue2.7/2.7pages/2.7jacksonjones.html,43,http,True,3,www,61
0,0,1,0,7,10,0,0,4.4,3,awn,0,12,1,/mag/issue1.9/articles/kowlagrinch1.9.html,42,http,True,3,www,60
0,2,1,0,1,5,0,0,4.4,4,imdb,0,9,2,/name/nm0004931/,16,http,False,2,us,34
0,0,1,0,5,8,0,0,6.125,12,voicechasers,0,12,3,/database/showactor.php,23,http,True,3,www,63
0,0,1,0,3,6,0,0,4.333333333333333,6,vortex,0,8,2,/av.html,8,http,True,3,www,38
0,0,1,0,6,8,0,0,4.875,12,starbulletin,0,12,2,/96/07/11/features/story3.html,30,http,True,0,,53
0,0,1,0,2,5,0,0,4.4,3,awn,0,9,3,/juneforay.html,15,http,True,3,anp,33
0,0,0,0,6,10,0,0,4.6,6,purdue,0,8,2,/homes/spaf/yucks/v2/msg00061.html,34,http,True,10,www.cerias,62
0,0,1,0,7,10,0,0,4.4,3,awn,0,12,1,/mag/issue5.03/5.03pages/evanierforay.php3,42,http,True,3,www,60
0,0,1,0,7,10,0,0,4.7,3,awn,0,15,1,/mag/issue4.02/4.02pages/foraylittlejohn.php3,45,http,True,3,www,63
0,0,2,0,11,16,0,0,5.375,8,nwsource,0,12,3,/cgi-bin/texis.cgi/web/vortex/display,37,http,True,21,archives.seattletimes,108
0,0,1,0,5,8,0,0,6.0,9,geocities,0,15,3,/enchantedforest/dell/8545/fraley.html,38,http,True,3,www,62
0,2,1,0,1,5,0,0,4.4,4,imdb,0,9,2,/name/nm0289710/,16,http,False,2,us,34
0,0,1,0,5,8,0,0,6.125,12,voicechasers,0,12,3,/database/showactor.php,23,http,True,3,www,63
0,0,1,0,1,2,0,0,6.0,9,patfraley,0,9,3,/,1,http,True,0,,21
0,1,0,0,4,6,0,0,6.0,22,nerf-herders-anonymous,0,9,3,/patfraley.html,15,http,True,0,,48
0,0,0,0,4,6,0,0,6.666666666666667,5,vasta,0,18,3,/professional_index/fraleyp.html,32,http,True,3,www,52
0,1,0,0,7,9,0,0,6.222222222222222,8,toonzone,0,15,2,/2000/oct/27/hearing_voices.php,31,http,True,4,news,71
0,0,1,0,3,6,0,0,6.5,6,tripod,0,17,3,/~leemichaelwithers/sfh.htm,27,http,True,7,members,52
0,0,1,0,4,6,0,0,6.5,12,radiospirits,0,12,3,/onradio/meethost_sf.asp,24,http,True,3,www,51
0,2,1,0,1,5,0,0,4.4,4,imdb,0,9,2,/name/nm0292677/,16,http,False,2,us,34
0,0,1,0,2,3,0,0,5.666666666666667,7,westnet,0,7,3,/,1,http,True,7,freberg,27
0,0,0,0,5,8,0,0,6.875,4,aarp,0,17,3,/mmaturity/mar_apr00_preview/creators.html,42,http,False,3,www,69
0,0,1,0,3,7,0,0,5.571428571428571,6,cosmik,0,12,2,/aa-october99/stan_freberg.html,31,http,True,3,www,52
0,0,1,0,2,5,0,0,4.4,6,tsimon,0,7,3,/freberg.htm,12,http,True,3,www,33
0,1,0,0,2,6,0,0,4.833333333333333,8,firezine,0,8,3,/issue6/fz6_07.htm,18,http,True,3,www,41
0,0,1,0,2,6,0,0,5.333333333333333,8,thehutch,0,8,3,/rabhutch/freberg.htm,21,http,True,3,www,44
0,0,1,0,3,6,0,0,4.666666666666667,9,povonline,0,9,3,/cols/col051.htm,16,http,True,3,www,40
0,0,1,0,3,6,0,0,5.333333333333333,9,povonline,0,10,3,/2001/news060901.htm,20,http,True,3,www,44
0,0,1,0,7,10,0,0,6.1,15,austinchronicle,0,15,2,/issues/dispatch/1999-12-10/music_feature3.html,47,http,True,3,www,77
0,0,1,0,2,5,0,0,5.2,10,dawsbutler,0,10,3,/freberg.htm,12,http,True,3,www,37
0,0,1,0,3,5,0,0,5.0,7,westnet,0,7,3,/list.html,10,http,True,7,freberg,36
0,0,1,0,3,6,0,0,4.833333333333333,5,rhino,0,8,3,/features/75645p.html,21,http,True,3,www,41
0,0,2,0,3,6,0,0,5.166666666666667,9,hitcomedy,0,9,3,/index.html,11,http,True,0,,45
0,1,0,0,4,7,0,0,5.285714285714286,9,cyberonic,0,9,3,/~atrain/comedy/freberg.htm,27,http,True,3,www,51
0,0,1,0,3,6,0,0,4.666666666666667,9,povonline,0,9,3,/cols/col102.htm,16,http,True,3,www,40
0,0,1,0,3,5,0,0,5.6,7,westnet,0,7,3,/hear_it.html,13,http,True,7,freberg,39
0,0,1,0,8,11,0,0,4.545454545454546,8,epinions,0,13,1,/musc-album-musc-freberg__stan/tk_~mm032.1.2,44,http,True,3,www,67
0,1,0,0,5,7,0,0,5.428571428571429,9,citypaper,0,9,3,/articles/091699/mus.stan.shtml,31,http,True,0,,51
0,0,1,0,1,3,0,0,6.666666666666667,14,crispinfreeman,0,14,3,/,1,http,True,3,www,30
0,0,1,0,3,6,0,0,4.833333333333333,9,reelradio,0,9,3,/gifts/frees.html,17,http,True,3,www,41
0,0,1,0,2,5,0,0,7.6,10,spookytoms,0,18,3,/paul_frees_tribute.html,24,http,True,3,www,49
0,1,1,0,3,7,0,0,4.714285714285714,10,hollowhill,0,10,2,/gm/library/frees.htm,21,http,True,3,www,46
0,0,1,0,2,6,0,0,5.666666666666667,7,dvdtalk,0,9,3,/dvdsavant/s74frees.html,24,http,False,3,www,46
0,2,1,0,1,5,0,0,4.4,4,imdb,0,9,2,/name/nm0293659/,16,http,False,2,us,34
0,0,1,0,5,8,0,0,6.125,12,voicechasers,0,12,3,/database/showactor.php,23,http,True,3,www,63
0,0,1,0,2,4,0,0,8.25,16,bakerstreetdozen,0,16,3,/frewernews.html,16,http,True,0,,43
0,2,1,0,1,5,0,0,4.4,4,imdb,0,9,2,/name/nm0001242/,16,http,False,2,us,34
0,0,1,0,5,8,0,0,5.5,9,geocities,0,15,2,/enchantedforest/dell/8545/va.html,34,http,True,3,www,58
0,1,1,0,3,7,0,0,4.714285714285714,9,angelfire,0,9,2,/ut/rtoons/actors.html,22,http,True,3,www,46
0,0,1,0,5,7,0,0,6.0,9,geocities,0,11,3,/hollywood/lot/2636/voiceacting/,32,http,True,3,www,56
0,0,1,0,3,6,0,0,6.833333333333333,9,geocities,0,13,3,/philbass_2000/narrators.html,29,http,True,3,www,53
0,0,1,0,1,3,0,0,6.666666666666667,11,mkbmemorial,0,11,3,/,1,http,False,6,doreen,30
0,0,1,0,5,8,0,0,6.0,9,geocities,0,14,3,/televisioncity/taping/6785/index.html,38,http,True,3,www,62
0,0,1,0,1,3,0,0,8.666666666666666,20,behindthevoiceactors,0,20,3,,0,http,True,3,www,35
0,0,1,0,3,7,0,0,4.428571428571429,14,keyframeonline,0,14,2,/kf.php,7,http,True,3,www,44
0,0,1,0,1,3,0,0,6.0,12,voicechasers,0,12,3,/,1,http,True,3,www,28
0,2,1,0,1,5,0,0,4.4,4,imdb,0,9,2,/name/nm0304000/,16,http,False,2,us,34
0,0,1,0,2,5,0,0,7.4,15,taoslandandfilm,0,15,3,/bradentnwkly.html,18,http,True,3,www,48
0,2,1,0,1,5,0,0,4.4,4,imdb,0,9,2,/name/nm0004951/,16,http,False,2,us,34
0,0,1,0,1,2,0,0,7.0,11,kathygarver,0,11,3,/,1,http,True,0,,23
0,2,1,0,1,5,0,0,4.4,4,imdb,0,9,2,/name/nm0308744/,16,http,False,2,us,34
0,0,1,0,1,3,0,0,5.666666666666667,11,dickgautier,0,11,3,/,1,http,True,3,www,27
0,0,1,0,1,3,0,0,5.666666666666667,11,dangilvezan,0,11,3,/,1,http,True,3,www,27
0,2,1,0,1,5,0,0,4.4,4,imdb,0,9,2,/name/nm0319737/,16,http,False,2,us,34
0,2,1,0,1,5,0,0,4.4,4,imdb,0,9,2,/name/nm0330015/,16,http,False,2,us,34
0,0,1,0,3,7,0,0,4.0,6,tv-now,0,8,2,/stars/gotfried.html,20,http,False,3,www,41
0,1,1,0,2,7,0,0,4.428571428571429,8,cdaccess,0,8,2,/html/pc/midmovie.htm,21,http,True,3,www,44
0,0,1,0,3,4,0,0,11.25,6,tripod,0,22,3,/landofthreenamedpeople/,24,http,True,14,genetic_mishap,56
0,0,1,0,4,7,0,0,6.285714285714286,9,angelfire,0,11,3,/celeb/starzbios/gottfried_g.html,33,http,True,3,www,57
0,2,1,0,1,5,0,0,4.4,4,imdb,0,9,2,/name/nm0331906/,16,http,False,2,us,34
0,0,0,0,7,9,0,0,3.6666666666666665,3,mit,0,6,3,/v110/n37/gilber.37a.html,25,http,True,8,www-tech,48
0,0,0,0,6,9,0,0,3.3333333333333335,3,mit,0,4,3,/v110/n38/lsc.38a.html,22,http,True,8,www-tech,45
0,0,1,0,2,5,0,0,8.2,15,octopusmediaink,0,16,3,/gilbertgottfried.html,22,http,True,3,www,52
0,1,0,0,4,6,0,0,6.833333333333333,9,citypaper,0,10,3,/articles/022996/article001.shtml,33,http,True,0,,53
0,1,1,0,9,12,0,0,4.916666666666667,5,canoe,0,17,1,/movies/artists/g/gottfried_gilbert/1997/02/21/758674.html,58,http,True,3,jam,77
0,0,1,0,5,8,0,0,6.125,12,voicechasers,0,12,3,/database/showactor.php,23,http,True,3,www,63
0,0,1,0,1,3,0,0,5.333333333333333,10,kylehebert,0,10,3,/,1,http,True,3,www,26
0,0,1,0,5,7,0,0,6.857142857142857,12,post-gazette,0,20,3,/magazine/19990223voicetalent1.asp,34,http,True,3,www,61
0,0,1,0,3,6,0,0,5.333333333333333,9,serkworks,0,9,3,/roommates/index.htm,20,http,True,3,www,44
0,0,1,0,3,6,0,0,5.0,6,armory,0,8,3,/~keeper/jesshirt.html,22,http,True,3,www,43
0,0,1,0,5,8,0,0,6.125,12,voicechasers,0,12,3,/database/showactor.php,23,http,True,3,www,63
0,0,1,0,1,2,0,0,6.0,9,docharris,0,9,3,/,1,http,True,0,,21
0,1,0,0,1,4,7,8,4.0,9,lushmedia,0,9,2,/,1,http,True,3,www,27
0,0,1,0,2,4,0,0,5.0,15,dav-productions,0,11,3,/,1,http,True,3,www,31
0,1,0,0,0,3,0,0,4.333333333333333,7,ccvideo,0,7,3,/,1,http,False,3,www,23
0,0,1,0,1,3,0,0,4.333333333333333,7,blueyed,0,7,3,/,1,http,True,3,www,23
0,0,1,0,0,3,0,0,4.333333333333333,7,koalatv,0,7,3,/,1,http,False,3,www,23
0,0,1,0,1,3,0,0,6.0,12,goaggressive,0,12,3,/,1,http,True,3,www,28
0,0,1,0,1,3,0,0,4.666666666666667,8,emblemma,0,8,3,/,1,http,True,3,www,24
0,0,1,0,1,3,0,0,9.333333333333334,22,killingtimeproductions,0,22,3,/,1,http,True,3,www,38
0,0,1,0,1,3,0,0,8.333333333333334,19,rollingrproductions,0,19,3,/,1,http,True,3,www,35
0,0,1,0,1,3,0,0,7.0,15,boutwellstudios,0,15,3,,0,http,True,3,www,30
0,0,1,0,1,3,0,0,5.666666666666667,11,blindruckus,0,11,3,,0,http,True,3,www,26
0,0,1,0,2,5,0,0,6.2,11,roadrecords,0,11,3,/clientlist.html,16,http,True,3,www,42
0,0,1,0,1,3,0,0,6.0,12,coupestudios,0,12,3,,0,http,True,3,www,27
0,0,1,0,2,4,0,0,4.25,12,kellogg-rice,0,7,3,,0,http,True,3,www,27
0,0,1,0,1,3,0,0,4.0,6,sarley,0,6,3,,0,http,True,3,www,21
0,0,1,0,1,3,0,0,7.666666666666667,17,deadlyproductions,0,17,3,,0,http,True,3,www,32
0,0,1,0,1,3,0,0,5.0,9,rickaudio,0,9,3,,0,http,True,3,www,24
0,1,0,0,0,3,0,0,5.0,9,fmsystems,0,9,3,,0,http,False,3,www,24
0,0,1,0,1,3,0,0,5.666666666666667,11,gamebeatinc,0,11,3,/,1,http,True,3,www,27
0,0,1,0,3,4,0,0,5.5,6,tripod,0,7,3,/kcepap/,8,http,True,7,members,33
0,0,1,0,1,3,0,0,5.0,9,loftinpro,0,9,3,,0,http,True,3,www,24
0,0,1,0,1,3,0,0,5.333333333333333,10,noisefloor,0,10,3,,0,http,True,3,www,25
0,0,1,0,1,3,0,0,5.0,9,wavegroup,0,9,3,,0,http,True,3,www,24
0,0,1,0,1,3,0,0,5.333333333333333,10,audiolinks,0,10,3,/,1,http,True,3,www,26
0,0,1,0,5,7,0,0,5.285714285714286,11,fortunecity,0,11,3,/tisch/809/gold.htm,19,http,True,8,business,50
0,0,1,0,2,5,0,0,6.0,15,harkproductions,0,15,3,/audio.html,11,http,True,3,www,41
0,0,1,0,2,4,0,0,4.25,12,loree-nelson,0,6,3,,0,http,True,3,www,27
0,0,1,0,1,3,0,0,5.666666666666667,11,thilldesign,0,11,3,,0,http,True,3,www,26
0,0,1,0,0,3,0,0,4.666666666666667,8,cgdesign,0,8,3,,0,http,False,3,www,23
0,1,0,0,1,3,0,0,5.0,9,moonaluna,0,9,3,,0,http,True,3,www,24
0,0,1,0,0,3,0,0,5.0,9,rjbstudio,0,9,3,,0,http,False,3,www,24
0,0,1,0,1,3,0,0,4.666666666666667,8,folioinc,0,8,3,,0,http,True,3,www,23
0,0,1,0,1,3,0,0,6.333333333333333,13,colorpagesinc,0,13,3,,0,http,True,3,www,28
0,0,1,0,1,3,0,0,5.0,9,svengoody,0,9,3,,0,http,True,3,www,24
0,0,1,0,1,3,0,0,6.333333333333333,13,doclivingston,0,13,3,,0,http,True,3,www,28
0,0,1,0,1,3,0,0,8.666666666666666,20,broadsideinteractive,0,20,3,/,1,http,True,3,www,36
0,0,1,0,1,5,0,0,6.0,12,celticharper,0,12,3,/wolfhawk.html,14,http,True,3,www,41
0,0,1,0,1,3,0,0,6.333333333333333,13,copelandesign,0,13,3,,0,http,True,3,www,28
0,0,1,0,1,3,0,0,7.0,15,gilmourcreative,0,15,3,,0,http,True,3,www,30
0,1,0,0,1,4,7,8,4.5,11,twentyfirst,0,11,2,,0,http,True,3,www,28
0,0,1,0,1,3,0,0,5.0,9,blacktide,0,9,3,,0,http,True,3,www,24
0,0,1,0,1,3,0,0,6.333333333333333,13,magusgraphics,0,13,3,,0,http,True,3,www,28
0,0,1,0,2,4,0,0,6.25,9,geocities,0,10,3,/svendesign/,12,http,True,3,www,36
0,0,1,0,1,3,0,0,8.333333333333334,19,graphicsillustrated,0,19,3,,0,http,True,3,www,34
0,0,1,0,1,2,0,0,9.5,16,sullivancreative,0,16,3,,0,http,True,0,,27
0,0,1,0,0,3,0,0,5.333333333333333,10,thincgrafx,0,10,3,/,1,http,False,3,www,26
0,0,1,0,1,3,0,0,4.333333333333333,7,rappyco,0,7,3,,0,http,True,3,www,22
0,0,1,0,1,3,0,0,7.0,15,vcpresentations,0,15,3,/,1,http,True,3,www,31
0,0,1,0,1,3,0,0,7.666666666666667,17,philipperaimbault,0,17,3,,0,http,True,3,www,32
0,0,1,0,1,3,0,0,6.333333333333333,13,jandjgraphics,0,13,3,,0,http,True,3,www,28
0,0,1,0,1,3,0,0,7.666666666666667,17,transmediaproject,0,17,3,/,1,http,True,3,www,33
0,0,1,0,1,3,0,0,8.0,18,informationexperts,0,18,3,/,1,http,True,3,www,34
0,0,1,0,1,3,0,0,6.333333333333333,13,pluribusmedia,0,13,3,/,1,http,True,3,www,29
0,0,1,0,1,3,0,0,6.666666666666667,14,adaptivedesign,0,14,3,,0,http,True,3,www,29
0,0,1,0,1,3,0,0,7.333333333333333,16,logodesignonline,0,16,3,,0,http,True,3,www,31
0,0,1,0,1,3,0,0,7.0,15,pentagonstudios,0,15,3,,0,http,True,3,www,30
0,0,1,0,1,3,0,0,8.0,18,cre8tivproductions,0,18,3,,0,http,True,3,www,33
0,1,0,0,1,4,7,8,5.5,15,stevensonsharpe,0,15,2,,0,http,True,3,www,32
0,0,1,0,1,2,0,0,8.5,14,millercreative,0,14,3,,0,http,True,0,,25
0,1,1,0,1,4,0,0,3.75,10,e-nimation,0,8,1,/,1,http,True,3,www,26
0,0,1,0,1,3,0,0,7.666666666666667,17,springdesigngroup,0,17,3,,0,http,True,3,www,32
0,0,1,0,1,4,6,1,4.5,10,newsdesign,0,10,2,,0,http,True,3,www,28
0,0,1,0,1,3,0,0,4.333333333333333,7,ronelmm,0,7,3,,0,http,True,3,www,22
0,0,1,0,1,3,0,0,5.0,9,themakers,0,9,3,,0,http,True,3,www,24
0,0,1,0,1,3,0,0,5.333333333333333,10,mochamedia,0,10,3,,0,http,True,3,www,25
0,0,1,0,1,3,0,0,5.333333333333333,10,maksimedia,0,10,3,,0,http,True,3,www,25
0,0,1,0,1,3,0,0,5.333333333333333,10,lughstudio,0,10,3,,0,http,True,3,www,25
0,0,1,0,1,3,0,0,4.0,6,osprey,0,6,3,,0,http,True,3,www,21
0,0,0,0,2,3,0,0,3.3333333333333335,5,somme,0,5,2,/,1,http,True,3,www,20
0,0,1,0,1,3,0,0,5.666666666666667,11,impactgroup,0,11,3,,0,http,True,3,www,26
0,1,0,0,2,4,7,8,4.5,9,paulmaple,0,9,2,/media/,7,http,True,0,,29
0,0,1,0,1,3,0,0,4.333333333333333,7,pennvid,0,7,3,,0,http,True,3,www,22
0,0,1,0,2,4,0,0,3.75,10,cell-media,0,5,3,/,1,http,True,3,www,26
0,0,1,0,1,3,0,0,6.0,12,concisegroup,0,12,3,/,1,http,True,3,www,28
0,0,1,0,1,3,0,0,6.0,12,picturevideo,0,12,3,,0,http,True,3,www,27
0,0,1,0,1,3,0,0,5.333333333333333,10,accelvideo,0,10,3,,0,http,True,3,www,25
0,0,2,0,1,4,0,0,3.5,6,altana,0,6,2,,0,http,True,3,www,24
0,0,1,0,1,3,0,0,4.0,6,allvid,0,6,3,/,1,http,True,3,www,22
0,0,1,0,1,3,0,0,5.666666666666667,11,babadigital,0,11,3,,0,http,True,3,www,26
0,0,1,0,1,3,0,0,7.333333333333333,16,mcdougalldigital,0,16,3,,0,http,True,3,www,31
0,0,1,0,1,3,0,0,4.333333333333333,7,imacron,0,7,3,/,1,http,True,3,www,23
0,0,1,0,1,3,0,0,4.666666666666667,8,reelized,0,8,3,/,1,http,True,3,www,24
0,0,1,0,1,3,0,0,5.333333333333333,11,vandongenav,0,11,2,,0,http,True,3,www,25
0,0,1,0,1,3,0,0,8.0,18,rubiconproductions,0,18,3,,0,http,True,3,www,33
0,0,1,0,1,3,0,0,7.0,15,visionsoundcomm,0,15,3,,0,http,True,3,www,30
0,1,0,0,0,3,0,0,3.3333333333333335,4,avrs,0,4,3,/,1,http,False,3,www,20
0,0,1,0,1,3,0,0,5.0,9,vldigital,0,9,3,,0,http,True,3,www,24
0,1,0,0,1,3,0,0,6.333333333333333,13,videomagicpro,0,13,3,/,1,http,True,3,www,29
0,1,0,0,1,4,7,8,3.75,8,swerdlow,0,8,2,/,1,http,True,3,www,26
0,0,1,0,1,3,0,0,6.0,12,sierrabreeze,0,12,3,,0,http,True,3,www,27
0,0,1,0,1,3,0,0,6.333333333333333,13,jnproductions,0,13,3,/,1,http,True,3,www,29
0,0,1,0,1,3,0,0,6.333333333333333,13,scribblemedia,0,13,3,,0,http,True,3,www,28
0,0,1,0,1,3,0,0,6.333333333333333,13,stormshooters,0,13,3,,0,http,True,3,www,28
0,0,1,0,1,3,0,0,6.0,12,bigshoulders,0,12,3,,0,http,True,3,www,27
0,0,1,0,1,3,0,0,4.666666666666667,8,1digital,0,8,3,,0,http,True,3,www,23
0,0,1,0,1,3,0,0,8.0,18,manningproductions,0,18,3,,0,http,True,3,www,33
0,0,1,0,1,3,0,0,5.666666666666667,11,videocopies,0,11,3,,0,http,True,3,www,26
0,0,1,0,2,4,0,0,5.75,18,cardinal-broadcast,0,9,3,,0,http,True,3,www,33
0,0,1,0,0,3,0,0,4.0,6,dvfilm,0,6,3,,0,http,False,3,www,21
0,0,1,0,1,3,0,0,6.666666666666667,14,parrottastudio,0,14,3,,0,http,True,3,www,29
0,0,1,0,1,3,0,0,8.0,18,pearlmanaudiovideo,0,18,3,,0,http,True,3,www,33
0,0,1,0,1,3,0,0,5.666666666666667,11,pagerankers,0,11,3,,0,http,True,3,www,26
0,0,1,0,1,3,0,0,6.666666666666667,14,purevisibility,0,14,3,,0,http,True,3,www,29
0,0,1,0,1,3,0,0,5.0,9,pepperjam,0,9,3,/,1,http,True,3,www,25
0,0,1,0,1,3,0,0,7.333333333333333,16,platinumservices,0,16,3,,0,http,True,3,www,31
0,0,1,0,1,2,0,0,10.0,17,powerspiritonline,0,17,3,,0,http,True,0,,28
0,0,1,0,1,3,0,0,5.0,9,project36,0,9,3,,0,http,True,3,www,24
0,0,1,0,1,3,0,0,5.0,9,pageviews,0,9,3,/,1,http,True,3,www,25
0,1,0,0,1,4,7,8,3.5,7,podiums,0,7,2,/,1,http,True,3,www,25
0,0,1,0,1,3,0,0,9.0,21,portlandwebvisibility,0,21,3,,0,http,True,3,www,36
0,1,0,0,1,4,7,8,4.25,10,pagearnold,0,10,2,/,1,http,True,3,www,28
0,0,1,0,1,3,0,0,7.333333333333333,16,quadrapromotions,0,16,3,/,1,http,True,3,www,32
0,1,0,0,1,3,0,0,3.6666666666666665,5,qxest,0,5,3,/,1,http,True,3,www,21
0,1,0,0,1,3,0,0,3.6666666666666665,6,quisma,0,6,2,/,1,http,True,3,www,21
0,0,0,0,1,3,0,0,3.6666666666666665,5,quirk,0,5,3,/,1,http,True,3,www,21
0,1,0,0,3,6,7,8,4.333333333333333,21,top-website-promotion,0,9,2,/,1,http,True,3,www,39
0,0,1,0,1,3,0,0,6.0,12,redcarpetweb,0,12,3,/,1,http,True,3,www,28
0,0,1,0,1,3,0,0,5.333333333333333,10,rocketlist,0,10,3,/,1,http,True,3,www,26
0,0,1,0,1,3,0,0,7.0,15,registersuccess,0,15,3,/,1,http,True,3,www,31
0,1,0,0,3,6,7,8,3.5,16,raise-your-sites,0,5,2,/,1,http,True,3,www,34
0,0,1,0,1,3,0,0,7.333333333333333,16,reinventbusiness,0,16,3,/,1,http,True,3,www,32
0,0,1,0,1,3,0,0,8.333333333333334,19,rainstormconsulting,0,19,3,/,1,http,True,3,www,35
0,0,1,0,1,3,0,0,8.0,18,resortwebmarketing,0,18,3,/,1,http,True,3,www,34
0,0,1,0,1,3,0,0,4.666666666666667,8,rbimedia,0,8,3,/,1,http,True,3,www,24
0,0,1,0,1,3,0,0,5.666666666666667,11,receptional,0,11,3,/,1,http,True,3,www,27
0,1,0,0,1,3,0,0,4.666666666666667,8,rankhigh,0,8,3,/,1,http,True,3,www,24
0,1,0,0,1,3,0,0,6.333333333333333,13,redzoneglobal,0,13,3,/,1,http,True,3,www,29
0,0,1,0,1,3,0,0,5.666666666666667,11,raisemyrank,0,11,3,/,1,http,True,3,www,27
0,0,1,0,1,3,0,0,8.0,18,registereverywhere,0,18,3,/,1,http,True,3,www,34
0,0,1,0,1,3,0,0,5.333333333333333,10,rankingman,0,10,3,/,1,http,True,3,www,26
0,0,1,0,1,3,0,0,6.0,12,rankforsales,0,12,3,/,1,http,True,3,www,28
0,1,0,0,1,3,0,0,5.0,9,econnects,0,9,3,/,1,http,True,3,www,25
0,0,1,0,1,3,0,0,5.0,9,rankmagic,0,9,3,/,1,http,True,3,www,25
0,0,1,0,1,3,0,0,7.0,15,relevanttraffic,0,15,3,/,1,http,True,3,www,31
0,0,1,0,2,4,0,0,5.25,5,ranks,0,11,2,/consultancy/,13,http,True,3,www,32
0,0,1,0,1,3,0,0,4.333333333333333,7,ranbury,0,7,3,/,1,http,True,3,www,23
0,0,1,0,1,3,0,0,4.0,6,rugles,0,6,3,/,1,http,True,3,www,22
0,0,1,0,1,3,0,0,5.333333333333333,10,redlineseo,0,10,3,/,1,http,True,3,www,26
0,0,1,0,1,3,0,0,5.333333333333333,10,refreshweb,0,10,3,/,1,http,True,3,www,26
0,0,1,0,1,3,0,0,7.0,15,rstwebsolutions,0,15,3,/,1,http,True,3,www,31
0,0,1,0,1,3,0,0,7.0,16,reidtechnologies,0,16,2,/,1,http,True,3,www,31
0,0,1,0,1,3,0,0,6.333333333333333,13,rtproservices,0,13,3,/,1,http,True,3,www,29
0,0,1,0,1,3,0,0,4.333333333333333,7,room214,0,7,3,/,1,http,True,3,www,23
0,0,1,0,2,4,0,0,6.25,20,seo-websitepromotion,0,16,3,/,1,http,True,3,www,36
0,0,1,0,1,3,0,0,4.333333333333333,7,rankuno,0,7,3,/,1,http,True,3,www,23
0,0,1,0,2,4,0,0,5.5,17,roadmap-placement,0,9,3,/,1,http,True,3,www,33
0,0,1,0,0,3,0,0,5.666666666666667,11,rimmkaufman,0,11,3,/,1,http,False,3,www,27
0,1,0,0,1,4,7,8,4.5,11,rossjackson,0,11,2,/,1,http,True,3,www,29
0,0,1,0,1,3,0,0,8.0,18,raspberrymarketing,0,18,3,/,1,http,True,3,www,34
0,0,1,0,1,3,0,0,7.0,15,resolutionmedia,0,15,3,,0,http,True,3,www,30
0,0,1,0,1,3,0,0,5.333333333333333,10,ranksubmit,0,10,3,/,1,http,True,3,www,26
0,0,0,0,1,3,0,0,4.666666666666667,8,rankhigh,0,8,3,/,1,http,True,3,www,24
0,1,0,0,4,7,7,8,4.142857142857143,25,top-search-engine-ranking,0,7,2,/,1,http,True,3,www,43
0,1,0,0,1,4,7,8,4.0,9,rapidblue,0,9,2,/,1,http,True,3,www,27
0,0,1,0,0,3,0,0,4.666666666666667,8,ringjohn,0,8,3,/,1,http,False,3,www,24
0,0,1,0,1,2,0,0,9.0,15,riseinteractive,0,15,3,/,1,http,True,0,,27
0,0,1,0,1,3,0,0,4.666666666666667,8,relaxseo,0,8,3,,0,http,True,3,www,23
0,1,0,0,1,4,7,8,6.25,18,redchillimarketing,0,18,2,,0,http,True,3,www,35
0,0,1,0,1,3,0,0,3.6666666666666665,5,reseo,0,5,3,,0,http,True,3,www,20
0,0,1,0,1,3,0,0,10.666666666666666,26,internetcampaignmanagement,0,26,3,,0,http,True,3,www,41
0,0,1,0,1,3,0,0,6.0,12,rootconcepts,0,12,3,,0,http,True,3,www,27
0,0,1,0,1,3,0,0,7.0,15,redchillisearch,0,15,3,,0,http,True,3,www,30
0,0,1,0,1,4,20,14,4.25,9,rankfirst,0,9,2,,0,http,True,3,www,27
0,0,1,0,1,3,0,0,8.333333333333334,19,realonlinemarketing,0,19,3,,0,http,True,3,www,34
0,0,1,0,0,3,0,0,4.0,6,revteq,0,6,3,,0,http,False,3,www,21
0,0,1,0,1,3,0,0,4.333333333333333,7,group41,0,7,3,/,1,http,True,3,www,23
0,0,1,0,1,3,0,0,4.666666666666667,8,sagerock,0,8,3,/,1,http,True,3,www,24
0,0,1,0,1,3,0,0,7.0,15,seotechnologies,0,15,3,,0,http,True,3,www,30
0,1,0,0,2,4,0,0,3.75,10,submit-url,0,6,3,/,1,http,True,3,www,26
0,1,0,0,1,4,7,8,5.25,14,searchengineer,0,14,2,/,1,http,True,3,www,32
0,0,2,0,1,4,0,0,4.75,14,submission-pro,0,10,3,/,1,http,True,3,www,30
0,0,1,0,1,3,0,0,8.0,18,searchenginedesign,0,18,3,/,1,http,True,3,www,34
0,0,2,0,1,4,0,0,3.75,10,submit-pro,0,6,3,/,1,http,True,3,www,26
0,1,0,0,1,4,7,8,3.25,6,sixtop,0,6,2,/,1,http,True,3,www,24
0,0,1,0,1,3,0,0,5.333333333333333,10,spiderbait,0,10,3,/,1,http,True,3,www,26
0,0,1,0,1,3,0,0,7.666666666666667,18,searchintelligence,0,18,2,/,1,http,True,3,www,33
0,0,1,0,1,3,0,0,5.666666666666667,11,singlethrow,0,11,3,/,1,http,True,3,www,27
0,0,1,0,1,3,0,0,4.666666666666667,8,sitelynx,0,8,3,/,1,http,True,3,www,24
0,1,0,0,1,4,7,8,6.5,19,searchengineserious,0,19,2,/,1,http,True,3,www,37
0,1,0,0,1,3,0,0,5.0,9,submitnet,0,9,3,/,1,http,True,3,www,25
0,0,1,0,1,3,0,0,6.0,12,searchsummit,0,12,3,/,1,http,True,3,www,28
0,0,1,0,1,3,0,0,7.0,15,searchenginewiz,0,15,3,/,1,http,True,3,www,31
0,0,1,0,0,3,0,0,5.0,9,slickwebz,0,9,3,/,1,http,False,3,www,25
0,0,1,0,1,3,0,0,10.0,24,searchenginetechnologies,0,24,3,/,1,http,True,3,www,40
0,0,1,0,1,3,0,0,5.666666666666667,11,seoanalysis,0,11,3,/,1,http,True,3,www,27
0,0,1,0,1,3,0,0,5.0,9,stepforth,0,9,3,,0,http,True,3,www,24
0,0,1,0,1,3,0,0,8.0,18,searchenginepatrol,0,18,3,/,1,http,True,3,www,34
0,0,1,0,1,3,0,0,6.666666666666667,14,searchanalysts,0,14,3,/,1,http,True,3,www,30
0,0,1,0,1,3,0,0,6.333333333333333,13,sitesolutions,0,13,3,/,1,http,True,3,www,29
0,0,1,0,1,3,0,0,5.333333333333333,10,stickyeyes,0,10,3,/,1,http,True,3,www,26
0,0,1,0,1,3,0,0,5.333333333333333,10,skipechert,0,10,3,/,1,http,True,3,www,26
0,0,1,0,1,3,0,0,5.333333333333333,10,sitepropel,0,10,3,/,1,http,True,3,www,26
0,0,1,0,1,3,0,0,8.0,18,searchenginepeople,0,18,3,/,1,http,True,3,www,34
0,0,1,0,2,4,0,0,4.0,11,submit-away,0,6,3,/,1,http,True,3,www,27
0,0,1,0,1,3,0,0,6.666666666666667,14,submitawebsite,0,14,3,/,1,http,True,3,www,30
0,0,1,0,1,3,0,0,9.0,21,superwebsitepromotion,0,21,3,/,1,http,True,3,www,37
0,0,1,0,1,3,0,0,7.666666666666667,17,successpromotions,0,17,3,/,1,http,True,3,www,33
0,1,0,0,1,4,7,8,4.5,11,siteblaster,0,11,2,/,1,http,True,3,www,29
0,0,1,0,1,3,0,0,7.333333333333333,16,searchinnovation,0,16,3,/,1,http,True,3,www,32
0,0,1,0,1,3,0,0,5.666666666666667,11,submittoday,0,11,3,/,1,http,True,3,www,27
0,0,1,0,1,3,0,0,5.0,9,searchmar,0,9,3,/,1,http,True,3,www,25
0,0,1,0,1,3,0,0,4.0,6,seoinc,0,6,3,/,1,http,True,3,www,22
0,0,1,0,2,4,0,0,7.5,11,foryoursoft,0,13,3,/hypercalendar/,15,http,True,3,www,41
0,0,1,0,2,5,0,0,4.8,7,mdesoft,0,8,3,/home_eng.htm,13,http,True,3,www,35
0,0,1,0,4,6,0,0,6.333333333333333,11,contactplus,0,11,3,/products/freestuff/task.htm,28,http,True,0,,50
0,0,1,0,1,3,0,0,5.0,9,cotton100,0,9,3,/,1,http,True,3,www,25
0,0,0,0,3,5,0,0,6.0,13,inklineglobal,0,13,3,/products/vdp/,14,http,True,3,www,42
0,0,1,0,2,6,0,0,6.666666666666667,18,sharewaresolutions,0,18,3,/html/calendar.html,19,http,True,3,www,52
0,0,1,0,2,6,0,0,5.666666666666667,11,amfsoftware,0,11,3,/windows/amfpim.html,20,http,True,3,www,46
0,0,1,0,2,4,0,0,5.25,7,idealcs,0,8,3,/calendar/,10,http,True,3,www,32
0,0,1,0,3,6,0,0,5.333333333333333,8,zabaware,0,9,3,/assistant/index.html,21,http,True,3,www,44
0,0,1,0,3,5,0,0,5.8,9,homestead,0,9,3,/index.html,11,http,True,8,compunac,40
0,0,1,0,1,3,0,0,6.0,12,calendarmine,0,12,3,/,1,http,True,3,www,28
0,0,1,0,2,5,0,0,6.4,14,hammersoftware,0,14,3,/calendar.html,14,http,True,3,www,43
0,0,1,0,1,3,0,0,6.333333333333333,13,calendarscope,0,13,3,/,1,http,True,3,www,29
0,0,1,0,1,5,0,0,5.2,6,zb2000,0,11,3,/acecalendar.htm,16,http,False,3,www,37
0,0,1,0,2,4,0,0,7.25,11,daansystems,0,12,3,/daancalendar/,14,http,True,3,www,40
0,0,1,0,2,3,0,0,5.666666666666667,6,tripod,0,8,3,/,1,http,True,8,hotshift,27
0,0,1,0,2,4,0,0,5.25,7,twesley,0,8,3,/~shiftcal/,11,http,True,3,www,33
0,0,1,0,1,3,0,0,6.333333333333333,13,naturcalendar,0,13,3,/,1,http,True,3,www,29
0,0,1,0,1,3,0,0,4.666666666666667,8,calnique,0,8,3,/,1,http,True,3,www,24
0,0,1,0,2,4,0,0,5.75,18,wallpaper-calendar,0,9,3,/,1,http,True,3,www,34
0,0,1,0,3,6,0,0,5.333333333333333,7,vaxtech,0,8,3,/birthday-reminder.htm,22,http,True,3,www,44
0,0,1,0,1,5,0,0,5.2,11,srosoftware,0,11,3,/sro_bc.htm,11,http,True,3,www,37
0,2,0,0,1,6,0,0,3.6666666666666665,7,cm-soft,0,6,2,/index1.html,12,http,False,3,www,34
0,0,0,0,2,3,0,0,3.6666666666666665,5,ecrew,0,5,3,/,1,http,True,3,www,21
0,0,1,0,2,4,0,0,4.75,9,softshape,0,9,3,/cham/,6,http,True,3,www,30
0,0,1,0,2,5,0,0,6.6,13,dummysoftware,0,13,3,/clockdummy.html,16,http,True,3,www,44
0,0,1,0,2,5,0,0,5.2,8,cheqsoft,0,8,3,/timesown.html,14,http,True,3,www,37
0,0,1,0,2,6,0,0,5.333333333333333,11,uk-software,0,13,2,/speakingclock.htm,18,http,True,3,www,44
0,0,1,0,1,3,0,0,5.0,9,dillobits,0,9,3,/,1,http,True,3,www,25
0,0,1,0,1,3,0,0,5.333333333333333,10,altrixsoft,0,10,3,,0,http,True,3,www,25
0,0,1,0,5,7,0,0,6.857142857142857,10,compuserve,0,10,3,/homepages/anithmi/cyclocke.htm,31,http,True,8,ourworld,61
0,0,1,0,1,3,0,0,4.666666666666667,8,atomtime,0,8,3,/,1,http,True,3,www,24
0,0,1,0,2,6,0,0,5.166666666666667,6,mtnsys,0,11,3,/pages/atomicclock.htm,22,http,False,3,www,43
0,0,1,0,2,6,0,0,4.5,7,paraben,0,7,3,/html/clock2.html,17,http,True,3,www,39
0,1,0,0,2,5,7,8,3.4,5,demon,0,5,2,/,1,http,True,9,www.kaska,29
0,0,1,0,2,4,0,0,6.0,10,nestersoft,0,10,3,/timeleft/,10,http,True,3,www,35
0,1,0,0,2,6,0,0,3.5,8,chemware,0,8,2,/tic.htm,8,http,True,3,www,33
0,0,1,0,2,4,0,0,9.0,22,blueprintsoftwareworks,0,22,3,/atomsync/,10,http,True,3,www,47
0,0,1,0,1,3,0,0,7.0,15,hoursandminutes,0,15,3,/,1,http,True,3,www,31
0,0,1,0,1,3,0,0,4.333333333333333,7,hiclock,0,7,3,/,1,http,True,3,www,23
0,0,1,0,1,3,0,0,8.333333333333334,19,springcreeksoftware,0,19,3,/,1,http,True,3,www,35
0,1,0,0,2,3,0,0,5.666666666666667,2,51,0,12,2,/,1,http,True,12,timerecorder,27
0,0,1,0,3,6,0,0,6.833333333333333,7,rayslab,0,12,3,/atomic_clock/atomic_clock.html,31,http,True,3,www,53
0,0,1,0,3,5,0,0,4.4,9,info-pack,0,8,3,/datetray/,10,http,True,3,www,34
0,0,1,0,2,5,0,0,4.2,11,lux-aeterna,0,7,3,/clock/,7,http,True,3,www,33
0,0,1,0,2,4,0,0,4.75,5,enins,0,8,3,/timesled/,10,http,True,3,www,30
0,0,1,0,2,6,0,0,5.0,13,acutesoftware,0,13,2,/timer.html,11,http,True,3,www,42
0,0,1,0,1,3,0,0,6.0,12,timeutilites,0,12,3,/,1,http,True,3,www,28
0,0,2,0,2,7,0,0,6.285714285714286,16,nehuenmultimedia,0,16,2,/html/atomic_clock.html,23,http,True,3,www,57
0,0,1,0,2,4,0,0,5.0,9,softdemon,0,9,3,/clock/,7,http,True,3,www,31
0,0,1,0,1,3,0,0,7.0,15,timezonesforpcs,0,15,3,/,1,http,True,3,www,31
0,0,1,0,1,3,0,0,6.666666666666667,14,xnotestopwatch,0,14,3,/,1,http,True,3,www,30
0,0,1,0,3,5,0,0,6.8,13,visualversion,0,13,3,/timebuddy/index.html,21,http,True,0,,45
0,1,2,0,2,7,0,0,3.7142857142857144,6,rpoint,0,6,2,/pp/alarm-pro.aspx,18,http,True,3,www,39
0,0,1,0,1,4,0,0,5.25,7,lmhsoft,0,8,3,/timesync/,10,http,False,3,www,32
0,0,1,0,2,5,0,0,5.4,5,vioio,0,13,3,/mp3alarmclock.htm,18,http,True,3,www,38
0,0,1,0,4,6,0,0,10.0,16,littlemulticlock,0,16,3,/littlemulticlock/files/littlemulticlock.html,45,http,True,0,,72
0,0,1,0,2,4,0,0,7.25,9,shelltoys,0,14,3,/speaking_clock/,16,http,True,3,www,40
0,0,1,0,2,5,0,0,4.6,5,basta,0,9,3,/prodhoras.htm,14,http,True,3,www,34
0,0,1,0,1,3,0,0,4.333333333333333,7,elprime,0,7,3,/,1,http,True,3,www,23
0,0,1,0,1,3,0,0,4.0,6,atsync,0,6,3,/,1,http,True,3,www,22
0,0,1,0,1,3,0,0,4.0,6,12noon,0,6,3,/,1,http,True,3,www,22
0,0,1,0,1,3,0,0,7.666666666666667,17,talkingtimekeeper,0,17,3,/,1,http,True,3,www,33
0,0,1,0,1,3,0,0,7.666666666666667,17,thecountdownclock,0,17,3,/,1,http,True,3,www,33
0,0,1,0,2,4,0,0,4.5,13,softros-tools,0,7,3,/,1,http,True,3,www,29
0,0,1,0,1,3,0,0,5.333333333333333,10,saythetime,0,10,3,/,1,http,True,3,www,26
0,1,1,0,15,20,0,0,4.15,5,utech,0,11,1,/index.php,10,http,True,3,www,109
0,0,1,0,2,6,0,0,4.166666666666667,7,loginor,0,7,2,/index_e.html,13,http,True,3,www,37
0,0,1,0,1,3,0,0,5.666666666666667,11,azzcardfile,0,11,3,/,1,http,True,3,www,27
0,0,1,0,1,6,0,0,4.0,4,mxac,0,9,2,/dragonfly.htm,14,http,False,3,www,36
0,0,1,0,0,3,0,0,4.333333333333333,7,tgslabs,0,7,3,/,1,http,False,3,www,23
0,0,1,0,1,5,0,0,4.0,9,gammadyne,0,9,2,/sb.htm,7,http,True,3,www,31
0,0,1,0,1,3,0,0,5.333333333333333,10,encodeteam,0,10,3,/,1,http,True,3,www,26
0,0,1,0,4,7,0,0,4.285714285714286,7,msdsoft,0,7,3,/agenda/eng/index.htm,21,http,True,3,www,43
0,0,0,0,2,3,0,0,6.333333333333333,13,inklineglobal,0,13,3,/,1,http,True,3,www,29
0,0,1,0,1,3,0,0,5.666666666666667,11,neverforget,0,11,3,/,1,http,True,3,www,27
0,0,1,0,3,6,0,0,4.833333333333333,12,cyber-matrix,0,8,3,/prosched.html,14,http,True,3,www,41
0,0,1,0,1,5,0,0,4.0,5,1soft,0,5,3,/aandb.html,11,http,True,3,www,31
0,0,1,0,1,3,0,0,5.333333333333333,10,ezoutliner,0,10,3,/,1,http,True,3,www,26
0,0,1,0,1,3,0,0,5.0,9,xreminder,0,9,3,/,1,http,True,3,www,25
0,0,1,0,2,5,0,0,6.0,13,inklineglobal,0,13,3,/products/vdp/,14,http,True,3,www,42
0,0,1,0,0,3,0,0,4.333333333333333,7,wjjsoft,0,7,3,/,1,http,False,3,www,23
0,0,1,0,2,6,0,0,6.166666666666667,18,personalmicrocosms,0,18,3,/html/32bit.html,16,http,True,3,www,49
0,1,1,0,3,6,0,0,5.0,14,pollensoftware,0,14,1,/task-o-matic/,14,http,True,3,www,43
0,1,1,0,2,5,0,0,5.6,9,angelfire,0,11,2,/ia/anniversary/,16,http,True,3,www,40
0,0,1,0,1,3,0,0,6.0,12,bitsmithsoft,0,12,3,/,1,http,True,3,www,28
0,0,1,0,1,3,0,0,6.333333333333333,13,mynotescenter,0,13,3,/,1,http,True,3,www,29
0,0,1,0,1,3,0,0,4.666666666666667,8,csoftlab,0,8,3,/,1,http,True,3,www,24
0,0,0,0,3,5,0,0,5.8,11,cancellieri,0,11,3,/pmo_index.htm,14,http,True,3,www,40
0,0,1,0,1,2,0,0,5.5,8,softnote,0,8,3,/,1,http,True,0,,20
0,0,2,0,2,6,0,0,5.333333333333333,14,denverresearch,0,14,3,/pim/home.shtml,15,http,True,3,www,44
0,0,1,0,1,3,0,0,7.0,15,jsoftconsulting,0,15,3,/,1,http,True,3,www,31
0,0,0,0,2,3,0,0,5.666666666666667,11,cancellieri,0,11,3,/,1,http,True,3,www,27
0,0,1,0,1,3,0,0,4.0,6,winpim,0,6,3,/,1,http,True,3,www,22
0,0,1,0,1,3,0,0,6.0,12,lexasoftware,0,12,3,,0,http,True,3,www,27
0,0,0,0,3,5,0,0,6.0,11,cancellieri,0,11,3,/apim_index.htm,15,http,True,3,www,41
0,1,0,0,1,3,0,0,7.0,15,freedomsoftware,0,15,3,/,1,http,True,3,www,31
0,0,1,0,2,4,0,0,4.5,13,joels-journal,0,7,3,/,1,http,True,3,www,29
0,0,1,0,1,3,0,0,4.0,6,pimone,0,6,3,/,1,http,True,3,www,22
0,0,1,0,1,3,0,0,7.0,15,angelicsoftware,0,15,3,/,1,http,True,3,www,31
0,1,0,0,2,5,0,0,6.6,15,freedomsoftware,0,15,3,/notebook.html,14,http,True,3,www,44
0,0,1,0,2,4,0,0,7.5,9,geocities,0,15,3,/angelicangelsnf/,17,http,True,3,www,41
0,0,1,0,1,3,0,0,4.0,6,arenel,0,6,3,,0,http,True,3,www,21
0,0,2,0,3,6,0,0,5.833333333333333,9,insightbb,0,10,3,/~bastshaman/index.html,23,http,True,4,home,48
0,0,1,0,2,4,0,0,3.75,10,becks-cats,0,5,3,,0,http,True,3,www,25
0,0,1,0,1,3,0,0,5.0,9,bedoroses,0,9,3,/,1,http,True,3,www,25
0,1,1,0,2,5,0,0,5.2,9,angelfire,0,9,2,/ms/brikalacy/,14,http,True,3,www,38
0,0,1,0,3,5,0,0,6.2,9,homestead,0,10,3,/intro.html,11,http,True,10,castleglen,42
0,0,1,0,2,5,0,0,6.6,9,homestead,0,10,3,/cattery.html,13,http,True,10,catnipkids,44
0,0,1,0,1,3,0,0,5.333333333333333,10,cayugafarm,0,10,3,,0,http,True,3,www,25
0,0,1,0,3,6,0,0,6.166666666666667,9,geocities,0,11,3,/demiaracats/cattery.html,25,http,True,3,www,49
0,0,1,0,3,6,0,0,6.833333333333333,9,geocities,0,17,3,/himalayancats2000/index.html,29,http,True,3,www,53
0,0,1,0,2,3,0,0,9.0,6,tripod,0,18,3,/,1,http,True,18,everdreamhimalayan,37
0,0,1,0,1,3,0,0,6.0,12,fancyfriends,0,12,3,/,1,http,True,3,www,28
0,0,1,0,2,4,0,0,4.5,2,i8,0,10,2,,0,http,True,14,www.fancyfluff,28
0,0,1,0,3,6,0,0,7.5,9,geocities,0,21,3,/fluffydreamscatteryca/index.html,33,http,True,3,www,57
0,0,1,0,1,3,0,0,5.666666666666667,11,furpleasure,0,11,3,/,1,http,True,3,www,27
0,0,1,0,2,3,0,0,9.333333333333334,9,homestead,0,16,3,/,1,http,True,16,godzanointed4him,38
0,0,1,0,2,4,0,0,5.75,9,geocities,0,9,3,/himicats/,10,http,True,3,www,34
0,0,1,0,1,3,0,0,4.0,6,itikat,0,6,3,/,1,http,True,3,www,22
0,0,1,0,1,3,0,0,5.333333333333333,10,kattenbach,0,10,3,,0,http,True,3,www,25
0,0,1,0,0,3,0,0,4.666666666666667,8,kutzikoo,0,8,3,,0,http,False,3,www,23
0,0,1,0,2,4,0,0,8.0,9,geocities,0,17,3,/labonita_persians/,19,http,True,3,www,43
0,0,1,0,1,3,0,0,5.0,9,leclubfur,0,9,3,/,1,http,True,3,www,25
0,0,1,0,2,4,0,0,6.75,9,geocities,0,12,3,/luvhavencats/,14,http,True,3,www,38
0,0,1,0,2,3,0,0,7.0,9,homestead,0,9,3,/,1,http,True,9,sulebrity,31
0,0,1,0,2,4,0,0,6.25,9,geocities,0,10,3,/sunnylakes/,12,http,True,3,www,36
0,1,0,0,1,3,0,0,5.0,9,tanglebox,0,9,3,,0,http,True,3,www,24
0,0,0,0,3,5,0,0,4.2,4,tele,0,6,2,/teahs/,7,http,True,11,home19.inet,33
0,0,1,0,3,6,0,0,5.666666666666667,9,homestead,0,10,3,/index.html,11,http,True,14,www.tinyjewels,46
0,0,1,0,0,3,0,0,4.333333333333333,7,tntpuff,0,7,3,,0,http,False,3,www,22
0,0,1,0,1,3,0,0,7.0,15,whisperwoodcats,0,15,3,/,1,http,True,3,www,31
0,0,1,0,1,3,0,0,4.333333333333333,7,yewcats,0,7,3,/,1,http,True,3,www,23
0,0,1,0,3,6,0,0,5.833333333333333,9,geocities,0,11,3,/milhorn2002/index.html,23,http,True,3,www,47
0,0,1,0,1,3,0,0,8.333333333333334,19,pawsandpurrscattery,0,19,3,/,1,http,True,3,www,35
0,1,0,0,1,3,0,0,5.0,9,fancyfurs,0,9,3,,0,http,True,3,www,24
0,0,1,0,2,4,0,0,3.25,3,20m,0,4,3,,0,http,True,8,www.naru,23
0,1,1,0,2,4,0,0,6.25,9,earthlink,0,9,3,/~sandypaws/,12,http,True,4,home,37
0,0,1,0,3,5,0,0,6.0,14,playwickeycats,0,14,3,/index.shtml,12,http,True,0,,41
0,0,1,0,1,3,0,0,4.666666666666667,8,ristokat,0,8,3,/,1,http,True,3,www,24
0,0,1,0,3,6,0,0,6.0,10,catteryrow,0,11,3,/pacificpurr/index.html,23,http,True,3,www,48
0,0,1,0,2,4,0,0,6.5,9,geocities,0,11,3,/paisleypaws/,13,http,True,3,www,37
0,0,1,0,1,3,0,0,7.0,9,homestead,0,9,3,/,1,http,True,9,radzacatz,31
0,0,1,0,3,5,0,0,4.8,6,tripod,0,7,3,/izshe/,7,http,True,11,www.members,36
0,0,1,0,1,3,0,0,5.666666666666667,11,pawtrixcove,0,11,3,,0,http,True,3,www,26
0,0,1,0,1,3,0,0,6.333333333333333,13,sunstreamcats,0,13,3,/,1,http,True,3,www,29
0,0,0,0,1,3,15,12,3.6666666666666665,6,ceylon,0,6,2,,0,http,True,3,www,20
0,0,1,0,1,3,0,0,5.0,9,himmikatz,0,9,3,/,1,http,True,3,www,25
0,0,1,0,3,6,0,0,7.833333333333333,9,geocities,0,15,3,/fuzzy_britches1/fuzzybritches.html,35,http,True,3,www,59
0,0,1,0,1,3,0,0,5.0,9,kasiakatz,0,9,3,,0,http,True,3,www,24
0,0,1,0,1,2,0,0,7.0,11,katzcaprice,0,11,3,,0,http,True,0,,22
0,1,1,0,0,4,0,0,3.75,10,ma-liakatz,0,7,2,/,1,http,True,3,www,26
0,0,1,0,2,4,0,0,7.25,3,20m,0,20,3,,0,http,True,24,www.blackriverhimalayans,39
0,0,1,0,2,4,0,0,6.5,9,ieasysite,0,11,3,/sunshinezzz,12,http,True,3,www,36
0,0,1,0,1,3,0,0,5.333333333333333,10,catleycrue,0,10,3,,0,http,True,3,www,25
0,0,1,0,1,3,0,0,6.0,12,pointedpurrs,0,12,3,/,1,http,True,3,www,28
0,0,1,0,1,3,0,0,4.0,6,nymews,0,6,3,,0,http,True,3,www,21
0,0,1,0,2,4,0,0,6.5,9,geocities,0,11,3,/kitties2luv/,13,http,True,3,www,37
0,0,1,0,3,6,0,0,7.333333333333333,9,geocities,0,20,3,/angelpawscattery2003/index.html,32,http,True,3,www,56
0,0,1,0,2,4,0,0,8.0,9,geocities,0,17,3,/sunnybrookkittens/,19,http,True,3,www,43
0,0,1,0,1,3,0,0,6.0,12,shadenshadow,0,12,3,,0,http,True,3,www,27
0,0,1,0,1,3,0,0,4.666666666666667,8,furrmine,0,8,3,,0,http,True,3,www,23
0,0,1,0,1,3,0,0,8.0,18,silkenrosepersians,0,18,3,,0,http,True,3,www,33
0,0,1,0,0,3,0,0,5.0,9,kaydekatz,0,9,3,,0,http,False,3,www,24
0,0,1,0,2,4,0,0,6.75,9,geocities,0,12,3,/heavenlymews/,14,http,True,3,www,38
0,0,1,0,1,2,0,0,7.5,12,jentopiacats,0,12,3,,0,http,True,0,,23
0,1,1,0,2,5,0,0,4.6,19,purrs-of-luvcattery,0,10,2,,0,http,True,3,www,34
0,0,1,0,1,3,0,0,8.666666666666666,20,purfectkittypersians,0,20,3,/,1,http,True,3,www,36
0,0,1,0,2,6,0,0,5.333333333333333,9,geocities,0,9,3,/maxnkoko/index.html,20,http,True,3,www,44
0,0,1,0,1,3,0,0,6.333333333333333,13,grovewoodcats,0,13,3,/,1,http,True,3,www,29
0,0,1,0,1,3,0,0,5.333333333333333,10,lechatpaws,0,10,3,/,1,http,True,3,www,26
0,0,1,0,1,2,0,0,6.0,9,kisancats,0,9,3,/,1,http,True,0,,21
0,0,1,0,1,3,0,0,4.666666666666667,8,lakehyco,0,8,3,/,1,http,True,3,www,24
0,1,0,0,3,4,0,0,7.0,7,charter,0,10,3,/sassipurrs/,12,http,True,8,webpages,39
0,1,1,0,1,4,0,0,3.5,9,co-bridge,0,6,2,,0,http,True,3,www,24
0,0,1,0,1,3,0,0,5.0,9,calebcats,0,9,3,,0,http,True,3,www,24
0,0,1,0,2,3,0,0,6.666666666666667,9,homestead,0,9,3,/,1,http,True,8,rumscott,30
0,0,1,0,1,3,0,0,5.333333333333333,10,wonderfluf,0,10,3,,0,http,True,3,www,25
0,0,1,0,2,3,0,0,7.666666666666667,9,ieasysite,0,11,3,/,1,http,True,11,sunshinezzz,33
0,0,1,0,2,5,20,14,4.2,7,ozemail,0,7,2,/~ebunny,8,http,True,3,www,33
0,0,1,0,5,6,0,0,5.666666666666667,5,terra,0,12,2,/lazer/gatilmiragem,19,http,True,7,planeta,46
0,0,1,0,2,4,0,0,4.25,9,blazestar,0,9,2,/,1,http,True,3,www,28
0,0,0,0,2,3,0,0,5.0,9,himalayan,0,9,3,/,1,http,True,3,www,25
0,0,1,0,5,8,0,0,5.5,9,geocities,0,10,3,/area51/dreamworld/9882/index.html,34,http,True,3,www,58
0,0,0,0,6,8,0,0,5.0,6,cfainc,0,8,3,/breeds/profiles/persian-him.html,33,http,True,3,www,54
0,0,0,0,5,7,0,0,4.285714285714286,7,aaceinc,0,7,3,/pages/breeds/him.htm,21,http,True,3,www,43
0,1,1,0,3,6,0,0,3.6666666666666665,7,webring,0,7,1,/hub,4,http,True,1,p,34
0,0,0,0,5,7,0,0,5.428571428571429,6,cfainc,0,8,3,/breeds/profiles/japanese.html,30,http,True,3,www,51
0,0,1,0,4,7,0,0,6.0,9,breedlist,0,9,3,/japanese-bobtail-breeders.html,31,http,True,3,www,55
0,0,1,0,1,3,0,0,7.333333333333333,16,japanesebobtails,0,16,3,/,1,http,True,3,www,32
0,0,0,0,6,8,0,0,5.75,6,cfainc,0,8,3,/breeds/profiles/articles/japanese.html,39,http,True,3,www,60
0,0,1,0,4,9,0,0,5.0,8,fanciers,0,8,3,/breed-faqs/japanese-bobtail-faq.html,37,http,True,3,www,60
0,0,1,0,1,3,0,0,5.333333333333333,10,catchicats,0,10,3,/,1,http,True,3,www,26
0,0,1,0,1,3,0,0,4.333333333333333,7,kiddlyn,0,7,3,/,1,http,True,3,www,23
0,0,1,0,3,5,0,0,4.6,9,angelfire,0,9,3,/il3/jakoi/,11,http,True,3,www,35
0,0,1,0,1,3,0,0,5.333333333333333,10,sailbourne,0,10,3,/,1,http,True,3,www,26
0,0,1,0,1,3,0,0,4.666666666666667,8,janipurr,0,8,3,/,1,http,True,3,www,24
0,0,1,0,2,4,0,0,7.25,9,geocities,0,14,3,/kurisumasu_jbt/,16,http,True,3,www,40
0,1,1,0,3,6,0,0,5.0,4,shaw,0,9,2,/jbobtails/index.htm,20,http,True,7,members,42
0,1,0,0,1,4,7,8,3.75,8,solstans,0,8,2,/,1,http,True,3,www,26
0,0,1,0,0,3,0,0,5.0,9,goutokuji,0,9,3,/,1,http,False,3,www,25
0,0,1,0,1,3,0,0,5.0,9,samizcats,0,9,3,,0,http,True,3,www,24
0,0,0,0,2,4,0,0,3.5,3,uvm,0,5,3,/~video/,8,http,False,3,www,26
0,0,0,0,3,4,0,0,4.0,3,uvm,0,5,3,/focus/,7,http,False,5,learn,27
0,0,0,0,2,4,0,0,4.25,3,uvm,0,8,3,/~gradcoll/,11,http,False,3,www,29
0,1,0,0,5,11,0,0,3.727272727272727,3,uvm,0,9,2,/academics/,11,http,False,3,www,59
0,0,0,0,2,4,0,0,4.25,3,uvm,0,8,3,/~histpres,10,http,False,3,www,28
0,0,0,0,2,4,0,0,3.75,3,uvm,0,6,3,/~biomed/,9,http,False,3,www,27
0,0,0,0,1,4,0,0,3.25,3,uvm,0,4,3,/~cnhs/,7,http,False,3,www,25
0,0,0,0,2,4,0,0,3.25,3,uvm,0,4,3,/,1,http,False,8,www.bsad,24
0,0,0,0,1,4,0,0,4.0,3,uvm,0,7,3,/~envprog/,10,http,False,3,www,28
0,0,0,0,1,4,0,0,3.0,3,uvm,0,3,3,/snr/,5,http,False,3,www,23
0,0,0,0,4,8,0,0,5.625,3,uvm,0,15,3,/snr/,5,http,False,3,www,60
0,0,0,0,4,8,0,0,5.625,3,uvm,0,15,3,/snr/,5,http,False,3,www,60
0,0,0,0,4,8,0,0,4.75,3,uvm,0,10,3,/snr/,5,http,False,3,www,53
0,0,0,0,4,8,0,0,5.125,3,uvm,0,11,3,/snr/,5,http,False,3,www,56
0,0,0,0,4,8,0,0,5.5,3,uvm,0,14,3,/snr/,5,http,False,3,www,59
0,0,0,0,3,8,0,0,4.5,3,uvm,0,10,3,/snr/,5,http,False,3,www,51
0,0,0,0,2,5,0,0,3.8,3,uvm,0,6,3,/~dceweb/lane/,14,http,False,3,www,32
0,0,0,0,2,4,0,0,3.5,3,uvm,0,5,3,/~sacon/,8,http,False,3,www,26
0,0,0,0,2,4,0,0,3.25,3,uvm,0,4,3,/~ncow/,7,http,False,3,www,25
0,0,0,0,2,4,0,0,3.75,3,uvm,0,6,3,/events/,8,http,False,3,www,26
0,0,0,0,1,4,0,0,3.75,3,uvm,0,6,3,/~uvmcts/,9,http,False,3,www,27
0,0,0,0,8,11,0,0,4.636363636363637,3,uvm,0,8,3,/~fleming/index.php,19,http,False,3,www,69
0,0,0,0,2,4,0,0,4.25,3,uvm,0,8,3,/~jdavison/,11,http,False,3,www,29
0,0,0,0,1,4,0,0,3.0,3,uvm,0,3,3,/~sjc/,6,http,False,3,www,24
0,0,0,0,3,5,0,0,4.2,3,uvm,0,8,3,/~archdeac/,11,http,False,8,www.emba,34
0,0,0,0,2,4,0,0,4.25,3,uvm,0,8,3,/~jleonard/,11,http,False,3,www,29
0,0,0,0,3,5,0,0,3.4,3,uvm,0,4,3,/~read/,7,http,False,8,www.emba,30
0,0,0,0,3,6,0,0,4.333333333333333,3,uvm,0,8,3,/~rullrich/first.html,21,http,False,3,www,39
0,0,0,0,3,5,0,0,4.2,3,uvm,0,8,3,/~mirchand/,11,http,False,8,www.emba,34
0,0,0,0,4,5,0,0,5.2,3,uvm,0,9,3,/~douglas/,10,http,False,14,mansfield.emba,39
0,0,0,0,3,5,0,0,4.0,3,uvm,0,7,3,/~rcrouse/,10,http,False,8,www.emba,33
0,0,1,0,2,6,0,0,4.166666666666667,3,uvm,0,8,3,/~dbarring/home.html,20,http,False,3,www,38
0,0,0,0,3,5,0,0,3.8,3,uvm,0,6,3,/~dinitz/,9,http,False,8,www.emba,32
0,0,0,0,3,5,0,0,3.4,3,uvm,0,4,3,/~dben/,7,http,False,8,www.emba,30
0,0,0,0,3,5,0,0,4.2,3,uvm,0,8,3,/~burgmeie/,11,http,False,8,www.emba,34
0,0,0,0,3,5,0,0,3.6,3,uvm,0,5,3,/~cooke/,8,http,False,8,www.emba,31
0,0,0,0,3,5,0,0,4.2,3,uvm,0,8,3,/~puterbau/,11,http,False,8,www.emba,34
0,0,0,0,3,5,0,0,3.8,3,uvm,0,6,3,/~wilson/,9,http,False,8,www.emba,32
0,0,0,0,2,4,0,0,3.75,3,uvm,0,6,3,/~dguber/,9,http,False,3,www,27
0,0,0,0,2,5,0,0,3.6,3,uvm,0,5,3,/~snapp/,8,http,False,8,www.emba,31
0,0,0,0,3,5,0,0,4.0,3,uvm,0,8,3,/~hag/personal/,15,http,False,3,www,33
0,0,0,0,2,4,0,0,3.5,3,uvm,0,5,3,/~lizzo/,8,http,False,3,www,26
0,0,1,0,1,4,0,0,3.0,3,uvm,0,3,3,/~der/,6,http,False,3,www,24
0,0,0,0,2,4,0,0,3.5,3,uvm,0,5,3,/~jdion/,8,http,False,3,www,26
0,0,0,0,2,4,0,0,4.25,3,uvm,0,8,3,/~dmatthew/,11,http,False,3,www,29
0,0,0,0,4,6,0,0,5.5,3,uvm,0,13,2,/academics/catalogue2006-07/,28,http,False,3,www,46
0,0,0,0,4,4,0,0,5.25,3,asu,0,12,3,/~xue/,6,http,True,12,optimization,33
0,0,0,0,4,6,0,0,12.666666666666666,3,uvm,0,33,3,/spring2001/webreleaseonunionpetitionresponse.htm,49,http,False,24,universitycommunications,88
0,0,0,0,2,3,0,0,7.0,15,unitedacademics,0,15,3,/,1,http,True,3,www,31
0,0,0,0,2,3,0,0,4.333333333333333,3,uvm,0,7,3,/,1,http,False,7,voyager,23
0,0,0,0,2,4,0,0,3.5,3,uvm,0,5,3,/whale/,7,http,False,3,www,25
0,0,0,0,2,4,0,0,4.0,3,uvm,0,7,3,/~fleming/,10,http,False,3,www,28
0,0,0,0,2,3,0,0,4.333333333333333,3,uvm,0,7,3,/,1,http,False,7,library,23
0,0,0,0,3,4,0,0,4.25,3,uvm,0,7,3,/dana/,6,http,False,7,library,28
0,0,0,0,2,4,0,0,4.0,3,uvm,0,7,3,/perkins/,9,http,False,3,www,27
0,0,0,0,1,6,0,0,4.0,3,uvm,0,7,3,/~pmrc/pmrccam.html,19,http,False,3,www,37
0,0,0,0,5,6,0,0,7.833333333333333,3,uvm,0,24,3,/tour/,6,http,False,24,universitycommunications,60
0,0,0,0,2,6,0,0,4.166666666666667,3,uvm,0,8,3,/~pmrc/sugarcam.html,20,http,False,3,www,38
0,0,0,0,2,4,0,0,3.0,3,uvm,0,3,3,/map/,5,http,False,3,www,23
0,0,0,0,4,8,0,0,5.25,3,uvm,0,9,3,/about_uvm/visiting/,20,http,False,3,www,57
0,0,0,0,1,4,0,0,4.25,3,uvm,0,8,3,/uvmtoday/,10,http,False,3,www,28
0,0,0,0,3,6,0,0,6.833333333333333,3,uvm,0,24,2,/vq/index.html,14,http,False,24,universitycommunications,53
0,0,0,0,2,3,0,0,10.0,3,uvm,0,24,3,/,1,http,False,24,universitycommunications,40
0,0,1,0,1,3,0,0,6.0,12,vermontcynic,0,12,3,/,1,http,True,3,www,28
0,0,0,0,1,4,0,0,3.75,3,uvm,0,6,3,/~vtconn/,9,http,False,3,www,27
0,0,0,0,1,4,0,0,3.75,3,uvm,0,6,3,/~uvmemu/,9,http,False,3,www,27
0,0,0,0,1,4,0,0,3.5,3,uvm,0,5,3,/~uvmtv/,8,http,False,3,www,26
0,0,0,0,1,4,0,0,3.25,3,uvm,0,4,3,/~wruv/,7,http,False,3,www,25
0,0,0,0,1,4,0,0,3.25,3,uvm,0,4,3,/~aaeo/,7,http,False,3,www,25
0,0,0,0,2,4,0,0,4.5,3,uvm,0,7,3,/~rgweb/,8,http,False,7,giraffe,30
0,0,0,0,2,3,0,0,4.333333333333333,3,uvm,0,7,3,/,1,http,False,7,reslife,23
0,0,0,0,2,4,0,0,3.75,3,uvm,0,6,3,/~energy/,9,http,False,3,www,27
0,0,0,0,1,4,0,0,3.75,3,uvm,0,6,3,/~uvmppd/,9,http,False,3,www,27
0,0,0,0,1,4,0,0,4.25,3,uvm,0,8,3,/~cntrllrs/,11,http,False,3,www,29
0,0,0,0,1,4,0,0,4.0,3,uvm,0,7,3,/~ofabweb/,10,http,False,3,www,28
0,0,0,0,1,4,0,0,4.0,3,uvm,0,7,3,/~ugpdept/,10,http,False,3,www,28
0,0,0,0,2,4,0,0,3.5,3,uvm,0,5,3,/~photo/,8,http,False,3,www,26
0,0,0,0,2,4,0,0,4.0,3,uvm,0,7,3,/~catcard/,10,http,False,3,www,28
0,0,0,0,2,4,0,0,3.25,3,uvm,0,4,3,/~plan/,7,http,False,3,www,25
0,0,0,0,1,4,0,0,4.0,3,uvm,0,7,3,/~afsdept/,10,http,False,3,www,28
0,0,0,0,1,4,0,0,3.5,3,uvm,0,5,3,/~uvmhr/,8,http,False,3,www,26
0,0,0,0,2,4,0,0,4.25,3,uvm,0,8,3,/~training/,11,http,False,3,www,29
0,0,0,0,2,4,0,0,3.25,3,uvm,0,4,3,/~sisi/,7,http,False,3,www,25
0,0,0,0,2,4,0,0,4.0,3,uvm,0,7,3,/~purcard/,10,http,False,3,www,28
0,0,0,0,2,4,0,0,3.25,3,uvm,0,4,3,/~arch/,7,http,False,3,www,25
0,0,2,0,6,13,0,0,4.846153846153846,3,uvm,0,9,2,/~uvmppd/,9,http,False,3,www,84
0,0,0,0,1,4,0,0,3.75,3,uvm,0,6,3,/~ospuvm/,9,http,False,3,www,27
0,0,0,0,1,4,0,0,3.25,3,uvm,0,4,3,/~oacm/,7,http,False,3,www,25
0,0,0,0,2,4,0,0,5.0,3,uvm,0,11,3,/studentlife/,13,http,False,3,www,31
0,0,0,0,2,4,0,0,4.25,3,uvm,0,8,3,/~clascomp/,11,http,False,3,www,29
0,0,0,0,3,5,0,0,3.6,3,uvm,0,6,3,/~dos/assist/,13,http,False,3,www,31
0,0,0,0,2,4,0,0,3.75,3,uvm,0,6,3,/~juggle/,9,http,False,3,www,27
0,0,0,0,1,4,0,0,3.75,3,uvm,0,6,3,/~uvmopt/,9,http,False,3,www,27
0,0,0,0,2,3,0,0,4.0,3,uvm,0,6,3,/,1,http,False,6,debate,22
0,0,1,0,1,4,0,0,4.0,3,uvm,0,7,3,/~service/,10,http,False,3,www,28
0,0,0,0,1,4,0,0,3.5,3,uvm,0,5,3,/~catfs/,8,http,False,3,www,26
0,0,0,0,2,4,0,0,3.25,3,uvm,0,4,3,/~alco/,7,http,False,3,www,25
0,0,0,0,2,4,0,0,3.5,3,uvm,0,5,3,/sparc/,7,http,False,3,www,25
0,0,0,0,1,4,0,0,3.75,3,uvm,0,6,3,/~uvmwoc/,9,http,False,3,www,27
0,0,0,0,2,4,0,0,4.0,3,uvm,0,7,3,/~outside/,10,http,False,3,www,28
0,0,0,0,2,4,0,0,4.0,3,uvm,0,7,3,/~topcats/,10,http,False,3,www,28
0,0,0,0,2,4,0,0,3.5,3,uvm,0,5,3,/~legal,7,http,False,3,www,25
0,0,0,0,2,4,0,0,3.75,3,uvm,0,6,3,/~rescue/,9,http,False,3,www,27
0,0,0,0,2,4,0,0,3.75,3,uvm,0,6,3,/~hearts/,9,http,False,3,www,27
0,0,0,0,2,4,0,0,4.0,3,uvm,0,7,3,/~boulder/,10,http,False,3,www,28
0,0,0,0,2,4,0,0,4.0,3,uvm,0,7,3,/~skiclub/,10,http,False,3,www,28
0,0,0,0,2,4,0,0,4.25,3,uvm,0,8,3,/greening/,10,http,False,3,www,28
0,0,0,0,1,4,0,0,3.75,3,uvm,0,6,3,/~uvmsga/,9,http,False,3,www,27
0,0,0,0,2,5,0,0,3.4,3,uvm,0,5,3,/~rlweb/ira/,12,http,False,3,www,30
0,0,0,0,3,5,0,0,3.4,3,uvm,0,4,3,/~asem,6,http,False,8,www.emba,29
0,0,0,0,3,5,0,0,3.4,3,uvm,0,4,3,/~asce/,7,http,False,8,www.emba,30
0,0,0,0,3,5,0,0,3.4,3,uvm,0,4,3,/~asme/,7,http,False,8,www.emba,30
0,0,0,0,3,5,0,0,3.4,3,uvm,0,4,3,/~cssa/,7,http,False,8,www.emba,30
0,0,0,0,1,4,0,0,4.25,3,uvm,0,8,3,/~geogclub/,11,http,False,3,www,29
0,0,0,0,2,4,0,0,4.25,3,uvm,0,8,3,/~goodrich/,11,http,False,3,www,29
0,0,0,0,3,4,0,0,4.25,3,uvm,0,8,3,/hortclub/,10,http,False,3,pss,28
0,0,0,0,2,4,0,0,4.0,3,uvm,0,7,3,/~phibeta/,10,http,False,3,www,28
0,0,0,0,4,6,0,0,10.5,3,uvm,0,24,3,/fall99releases/webclimbthewalls.htm,36,http,False,24,universitycommunications,75
0,0,1,0,0,3,0,0,6.0,12,uvmgreeklife,0,12,3,/,1,http,False,3,www,28
0,0,0,0,2,3,0,0,4.333333333333333,7,agrinvt,0,7,3,/,1,http,True,3,www,23
0,0,0,0,1,4,0,0,3.5,3,uvm,0,5,3,/~fiji2,7,http,False,3,www,25
0,0,0,0,2,4,0,0,3.5,3,uvm,0,5,3,/~sigep/,8,http,False,3,www,26
0,0,0,0,2,4,0,0,3.5,3,uvm,0,5,3,/~aphio/,8,http,False,3,www,26
0,0,1,0,2,6,0,0,4.0,3,uvm,0,8,3,/~sigmaphi/home.htm,19,http,False,3,www,37
0,0,0,0,1,4,0,0,3.5,3,uvm,0,5,3,/~uvmaz/,8,http,False,3,www,26
0,0,0,0,2,3,0,0,6.333333333333333,13,phideltatheta,0,13,3,/,1,http,True,3,uvm,29
0,0,0,0,2,4,0,0,4.0,3,uvm,0,7,3,/~tridelt/,10,http,False,3,www,28
0,0,0,0,1,4,0,0,4.0,3,uvm,0,7,3,/~uvmivcf/,10,http,False,3,www,28
0,0,0,0,1,3,0,0,5.0,9,uvmhillel,0,9,3,/,1,http,False,3,www,25
0,0,0,0,1,4,0,0,3.25,3,uvm,0,4,3,/~ohpr/,7,http,False,3,www,25
0,0,0,0,2,4,0,0,3.5,3,uvm,0,5,3,/~helix/,8,http,False,3,www,26
0,0,0,0,1,4,0,0,3.25,3,uvm,0,4,3,/~vlrs/,7,http,False,3,www,25
0,0,0,0,4,5,0,0,4.4,3,uvm,0,9,3,/dept/hort_farm/,16,http,False,3,pss,34
0,0,0,0,1,4,0,0,3.25,3,uvm,0,4,3,/~crvt/,7,http,False,3,www,25
0,0,0,0,2,3,0,0,3.0,3,uvm,0,3,3,/,1,http,False,3,crs,19
0,0,0,0,2,4,0,0,4.25,3,uvm,0,8,3,/~susagctr/,11,http,False,3,www,29
0,0,0,0,1,4,0,0,3.75,3,uvm,0,6,3,/~uvmsbf/,9,http,False,3,www,27
0,0,0,0,2,4,0,0,4.25,3,uvm,0,8,3,/~dmatthew/,11,http,False,3,www,29
0,0,0,0,2,3,0,0,4.333333333333333,3,uvm,0,7,3,/,1,http,False,7,orchard,23
0,0,0,0,2,3,0,0,3.6666666666666665,3,uvm,0,5,3,/,1,http,False,5,blood,21
0,0,0,0,1,4,0,0,3.75,3,uvm,0,6,3,/~uvmchs/,9,http,False,3,www,27
0,0,0,0,2,6,0,0,4.5,3,uvm,0,7,3,/~vtreads/uvmhome.html,22,http,False,3,www,40
0,0,0,0,2,3,0,0,6.666666666666667,14,snellingcenter,0,14,3,/,1,http,True,3,www,30
0,0,0,0,2,4,0,0,3.75,3,uvm,0,6,3,/~epscor/,9,http,False,3,www,27
0,0,0,0,6,11,0,0,4.909090909090909,3,uvm,0,12,2,/~plantbio/,11,http,False,3,www,73
0,0,0,0,1,4,0,0,3.5,3,uvm,0,5,3,/vtaes/,7,http,False,3,www,25
0,0,0,0,1,4,0,0,3.25,3,uvm,0,4,3,/~cdci/,7,http,False,3,www,25
0,0,0,0,2,4,0,0,3.25,3,uvm,0,4,3,/cris/,6,http,False,3,cwf,24
0,0,1,0,1,3,0,0,6.666666666666667,14,uvminnovations,0,14,3,/,1,http,True,3,www,30
0,0,0,0,1,4,0,0,3.5,3,uvm,0,5,3,/,1,http,False,9,www.rcgrd,25
0,1,0,0,5,10,0,0,4.9,5,state,0,13,2,/atp/resource%20links/communication.htm,39,http,True,7,www.dad,65
0,0,0,0,1,5,0,0,4.2,3,uvm,0,7,3,/envnr/vtcfwru/,15,http,False,3,www,33
0,1,0,0,1,5,0,0,3.4,3,uvm,0,5,3,/~envnr/sal/,12,http,False,3,www,30
0,0,0,0,2,4,0,0,3.75,3,uvm,0,6,3,/~compor/,9,http,False,3,www,27
0,0,0,0,1,4,0,0,3.25,3,uvm,0,4,3,/~pmrc/,7,http,False,3,www,25
0,0,0,0,2,2,0,0,7.5,12,vtspacegrant,0,12,3,/,1,http,True,0,,24
0,0,0,0,2,6,0,0,5.0,3,uvm,0,9,3,/uvmtoday/community.html,24,http,False,3,www,42
0,0,0,0,1,4,0,0,4.0,3,uvm,0,7,3,/~dpelkey/,10,http,False,3,www,28
0,0,0,0,3,4,0,0,5.0,6,garden,0,6,3,/~aaronh/,9,http,True,5,agave,32
0,0,0,0,2,4,0,0,4.0,3,uvm,0,7,3,/~learnco/,10,http,False,3,www,28
0,0,0,0,2,4,0,0,3.75,3,uvm,0,6,3,/~police/,9,http,False,3,www,27
0,0,0,0,2,4,0,0,3.75,3,uvm,0,6,3,/~spirit/,9,http,False,3,www,27
0,0,0,0,2,4,0,0,4.25,3,uvm,0,8,3,/~counscen/,11,http,False,3,www,29
0,0,0,0,2,4,0,0,3.25,3,uvm,0,4,3,/~oies/,7,http,False,3,www,25
0,0,0,0,2,4,0,0,3.5,3,uvm,0,5,3,/~women/,8,http,False,3,www,26
0,0,0,0,1,4,0,0,3.75,3,uvm,0,6,3,/~ccpuvm/,9,http,False,3,www,27
0,0,0,0,1,4,0,0,3.75,3,uvm,0,6,3,/~lgbtqa/,9,http,False,3,www,27
0,0,0,0,2,3,0,0,3.0,3,uvm,0,3,3,/,1,http,False,3,ctl,19
0,0,0,0,2,4,0,0,3.75,3,uvm,0,6,3,/health/,8,http,False,3,www,26
0,0,0,0,1,4,0,0,3.75,3,uvm,0,6,3,/~tpswww/,9,http,False,3,www,27
0,0,0,0,2,3,0,0,3.0,3,uvm,0,3,3,/,1,http,False,3,uds,19
0,0,0,0,2,4,0,0,3.75,3,uvm,0,6,3,/~access/,9,http,False,3,www,27
0,0,0,0,1,4,0,0,3.75,3,uvm,0,6,3,/~uvmiac/,9,http,False,3,www,27
0,0,0,0,2,4,0,0,3.75,3,uvm,0,6,3,/~career,8,http,False,3,www,26
0,0,0,0,2,3,0,0,3.3333333333333335,3,uvm,0,4,3,/,1,http,False,4,siri,20
0,1,0,0,1,3,0,0,3.0,3,uvm,0,3,3,/,1,http,False,3,esf,19
0,0,0,0,1,4,0,0,4.25,3,uvm,0,8,3,/~wrtngctr/,11,http,False,3,www,29
0,0,0,0,2,3,0,0,5.333333333333333,10,vermontlaw,0,10,3,/,1,http,True,3,www,26
0,0,0,0,1,3,0,0,3.3333333333333335,4,vjel,0,4,3,,0,http,False,3,www,19
0,0,0,0,3,4,0,0,5.25,16,woodbury-college,0,8,3,/,1,http,True,3,www,32
0,0,0,0,1,4,0,0,4.75,3,gwu,0,10,3,/,1,http,False,14,www.gwvirginia,30
0,0,0,0,1,3,0,0,3.0,3,cdu,0,3,3,/,1,http,False,3,www,19
0,0,0,0,1,3,0,0,4.0,6,umtweb,0,6,3,/,1,http,False,3,www,22
0,0,1,0,1,3,0,0,5.666666666666667,11,virginia529,0,11,3,/,1,http,True,3,www,27
0,0,0,0,1,3,0,0,3.3333333333333335,4,uacp,0,4,3,,0,http,False,3,www,19
0,0,0,0,2,3,0,0,7.666666666666667,17,cordobauniversity,0,17,3,/,1,http,True,3,www,33
0,0,0,0,3,4,0,0,7.0,13,artinstitutes,0,13,3,/arlington/,11,http,True,3,www,39
0,0,1,0,1,3,0,0,7.333333333333333,16,apprenticeschool,0,16,3,,0,http,True,3,www,31
0,0,1,0,1,3,0,0,5.333333333333333,10,gobuilders,0,10,3,/,1,http,True,3,www,26
0,0,0,0,1,3,0,0,3.3333333333333335,4,abbc,0,4,3,/,1,http,False,3,www,20
0,0,0,0,2,3,0,0,4.333333333333333,7,averett,0,7,3,/,1,http,True,3,www,23
0,0,1,0,1,3,0,0,6.666666666666667,14,averettcougars,0,14,3,/,1,http,True,3,www,30
0,0,0,0,2,3,0,0,5.0,9,bluefield,0,9,3,/,1,http,True,3,www,25
0,0,1,0,10,12,0,0,4.916666666666667,9,bluefield,0,9,2,/templates/system/details.asp,29,http,True,3,www,77
0,0,0,0,2,3,0,0,5.666666666666667,11,bridgewater,0,11,3,/,1,http,True,3,www,27
0,0,0,0,3,4,0,0,6.5,11,bridgewater,0,11,3,/athletics,10,http,True,3,www,36
0,0,1,0,2,3,0,0,5.333333333333333,14,christ-college,0,7,3,/,1,http,True,0,,26
0,0,0,0,2,3,0,0,5.666666666666667,11,christendom,0,11,3,,0,http,True,3,www,26
0,0,0,0,3,4,0,0,6.5,11,christendom,0,11,3,/athletics/,11,http,True,3,www,37
0,0,0,0,1,3,0,0,3.0,3,cnu,0,3,3,/,1,http,False,3,www,19
0,0,1,0,0,3,0,0,4.666666666666667,8,cnubooks,0,8,3,/,1,http,False,3,www,24
0,0,0,0,5,7,0,0,5.142857142857143,7,arizona,0,7,3,/faculty/hopp/vireo.html,24,http,True,6,eebweb,49
0,1,0,0,4,8,0,0,6.25,9,utahbirds,0,14,1,/birdsofutah/birdsl-r/plumbeousvireo.htm,40,http,False,3,www,64
0,1,0,0,1,5,0,0,5.2,10,greglasley,0,10,3,/gvireo.html,12,http,True,3,www,37
0,0,0,0,5,7,0,0,5.714285714285714,7,cornell,0,12,3,/bfl/speciesaccts/casvir.html,29,http,True,5,birds,53
0,0,1,0,3,9,0,0,4.111111111111111,4,usgs,0,7,2,/id/framlst/i6230id.html,24,http,False,12,www.mbr-pwrc,52
0,0,1,0,3,7,0,0,5.285714285714286,3,wbu,0,12,3,/chipperwoods/photos/revireo.htm,32,http,False,3,www,50
0,0,0,0,7,9,0,0,6.222222222222222,14,stanfordalumni,0,14,3,/birdsite/text/species/hutton's_vireo.html,42,http,True,3,www,71
0,0,1,0,3,9,0,0,4.111111111111111,4,usgs,0,7,2,/id/framlst/i6290id.html,24,http,False,12,www.mbr-pwrc,52
0,0,0,0,7,9,0,0,6.222222222222222,4,ncwc,0,15,3,/mbrooks/pif/bird%20profiles/whiteeyed_vireo.htm,48,http,False,7,faculty,71
0,0,1,0,5,8,0,0,7.0,13,arthurgrosset,0,14,3,/sabirds/rufous-browed%20peppershrike.html,42,http,True,3,www,70
0,0,1,0,5,8,0,0,6.5,13,arthurgrosset,0,13,3,/sabirds/slaty-cappedshrike-vireo.html,38,http,True,3,www,66
0,0,1,0,6,8,0,0,5.5,8,audubon2,0,11,2,/webapp/watchlist/viewspecies.jsp,33,http,True,0,,58
0,0,1,0,3,9,0,0,4.111111111111111,4,usgs,0,7,2,/id/framlst/i6330id.html,24,http,False,12,www.mbr-pwrc,52
0,1,0,0,3,7,0,0,5.428571428571429,8,amonline,0,10,2,/factsheets/silvereye.htm,25,http,True,3,www,51
0,0,0,0,2,6,0,0,5.0,10,kenyabirds,0,10,2,/nhs_w_eye.htm,14,http,True,3,www,42
0,1,0,0,12,16,0,0,4.6875,8,birdlife,0,13,1,/datazone/species/index.html,28,http,True,3,www,97
0,0,1,0,1,6,0,0,4.666666666666667,7,nzbirds,0,7,3,/birds/tauhou.html,18,http,False,3,www,40
0,2,1,0,2,5,0,0,6.6,9,wikipedia,0,15,2,/wiki/estrildid_finch,21,http,True,2,en,44
0,2,1,0,2,5,0,0,6.0,9,wikipedia,0,12,2,/wiki/swee_waxbill,18,http,True,2,en,41
0,0,1,0,2,3,0,0,7.0,6,tripod,0,12,3,/,1,http,True,12,astorwilliam,31
0,2,1,0,2,5,0,0,6.0,9,wikipedia,0,12,2,/wiki/muscicapidae,18,http,True,2,en,41
0,0,0,0,5,8,0,0,5.75,7,naturia,0,18,2,/buloh/birds/copsychus_saularis.htm,35,http,True,3,www,60
0,0,1,0,6,8,0,0,5.125,10,birdguides,0,10,2,/species/species.asp,20,http,True,3,www,55
0,0,1,0,6,8,0,0,5.125,10,birdguides,0,10,2,/species/species.asp,20,http,True,3,www,55
0,0,1,0,6,8,0,0,5.125,10,birdguides,0,10,2,/species/species.asp,20,http,True,3,www,55
0,0,1,0,6,8,0,0,5.125,10,birdguides,0,10,2,/species/species.asp,20,http,True,3,www,55
0,0,1,0,3,9,0,0,4.555555555555555,3,hbw,0,9,3,/ibc/phtml/familia.phtml,24,http,False,3,ibc,56
0,2,1,0,1,5,0,0,6.0,9,wikipedia,0,12,2,/wiki/pycnonotidae,18,http,True,2,en,41
0,0,0,0,5,8,0,0,5.875,7,naturia,0,19,2,/buloh/birds/pycnonotus_goiavier.htm,36,http,True,3,www,61
0,1,0,0,12,16,0,0,4.6875,8,birdlife,0,13,1,/datazone/species/index.html,28,http,True,3,www,97
0,1,0,0,12,16,0,0,4.6875,8,birdlife,0,13,1,/datazone/species/index.html,28,http,True,3,www,97
0,1,0,0,12,16,0,0,4.6875,8,birdlife,0,13,1,/datazone/species/index.html,28,http,True,3,www,97
0,2,1,0,2,5,0,0,6.0,9,wikipedia,0,12,2,/wiki/cisticolidae,18,http,True,2,en,41
0,0,0,0,5,8,0,0,5.875,7,naturia,0,19,2,/buloh/birds/prinia_flaviventris.htm,36,http,True,3,www,61
0,2,1,0,2,5,0,0,6.0,9,wikipedia,0,12,2,/wiki/nectarinidae,18,http,True,2,en,41
0,0,0,0,5,8,0,0,6.25,7,naturia,0,22,2,/buloh/birds/nectarina_calcosthetha.htm,39,http,True,3,www,64
0,0,0,0,5,8,0,0,5.875,7,naturia,0,19,2,/buloh/birds/nectarina_jugularis.htm,36,http,True,3,www,61
0,1,0,0,3,6,0,0,4.333333333333333,3,gte,0,7,3,/dgl1/pelican.html,18,http,True,5,home1,38
0,1,0,0,4,6,0,0,6.5,7,raysweb,0,13,3,/specialplaces/pages/pelican.html,33,http,True,0,,51
0,0,0,0,7,9,0,0,8.777777777777779,5,umich,0,25,3,/site/accounts/information/pelecanus_erythrorhynchos.html,57,http,True,20,animaldiversity.ummz,94
0,0,0,0,7,9,0,0,8.444444444444445,5,umich,0,22,3,/site/accounts/information/pelecanus_occidentalis.html,54,http,True,20,animaldiversity.ummz,91
0,0,0,0,3,6,0,0,5.166666666666667,10,kenyabirds,0,10,2,/gw_pelican.htm,15,http,True,3,www,43
0,0,0,0,3,6,0,0,5.166666666666667,10,kenyabirds,0,10,2,/pb_pelican.htm,15,http,True,3,www,43
0,1,0,0,6,9,0,0,6.0,3,fws,0,14,1,/issues/cormorant/greatlakes_q&amp,34,http,False,14,migratorybirds,69
0,1,0,0,1,4,0,0,4.5,7,tiscali,0,7,2,/sv2001/,8,http,True,3,web,29
0,0,1,0,2,5,0,0,4.8,7,nzbirds,0,7,3,/birds/kawau.html,17,http,False,0,,35
0,0,1,0,2,5,0,0,8.6,15,coldwaterimages,0,18,3,/brandt_s_cormorant.html,24,http,True,3,www,54
0,0,0,0,3,6,0,0,6.0,10,kenyabirds,0,15,2,/great_cormorant.htm,20,http,True,3,www,48
0,0,0,0,4,7,0,0,4.571428571428571,10,kenyabirds,0,10,2,/cormorant-lt.htm,17,http,True,3,www,45
0,0,0,0,7,9,0,0,7.444444444444445,5,umich,0,15,3,/site/accounts/information/sula_nebouxii.html,45,http,True,20,animaldiversity.ummz,82
0,0,0,0,5,6,0,0,5.666666666666667,5,uwlax,0,9,3,/bio203/s2008/kops_aman/,24,http,False,6,bioweb,47
0,0,0,0,3,6,0,0,3.8333333333333335,3,fws,0,6,3,/midway/mabo.html,17,http,False,3,www,35
0,2,1,0,3,6,0,0,4.5,9,wikipedia,0,9,2,/wiki/sula_(bird),17,http,True,2,en,40
0,0,0,0,3,6,0,0,3.8333333333333335,3,fws,0,6,3,/midway/brbo.html,17,http,False,3,www,35
0,0,0,0,2,6,0,0,3.8333333333333335,3,fws,0,6,3,/midway/rfbo.html,17,http,False,3,www,35
0,0,1,0,2,6,0,0,4.666666666666667,7,nzbirds,0,7,3,/birds/takapu.html,18,http,False,3,www,40
0,2,1,0,2,5,0,0,4.8,9,wikipedia,0,9,2,/wiki/darter,12,http,True,2,en,35
0,0,0,0,3,6,0,0,4.5,10,kenyabirds,0,10,2,/darter.htm,11,http,True,3,www,39
0,0,1,0,3,9,0,0,4.444444444444445,3,hbw,0,9,2,/ibc/phtml/familia.phtml,24,http,False,3,ibc,55
0,0,1,0,4,6,0,0,6.666666666666667,9,thebigzoo,0,15,3,/animals/lesser_flamingo.asp,28,http,True,3,www,52
0,0,1,0,3,5,0,0,8.4,9,geocities,0,14,3,/flamingo22701/flamingo_mania,29,http,True,3,www,53
0,0,1,0,4,7,0,0,5.714285714285714,9,geocities,0,9,3,/petsburgh/1975/flamingo.html,29,http,True,3,www,53
0,0,0,0,7,9,0,0,8.222222222222221,5,umich,0,20,3,/site/accounts/information/phoenicopterus_ruber.html,52,http,True,20,animaldiversity.ummz,89
0,0,1,0,3,9,0,0,4.111111111111111,4,usgs,0,7,2,/id/framlst/i1820id.html,24,http,False,12,www.mbr-pwrc,52
0,1,1,0,4,8,0,0,5.125,5,about,0,15,1,/od/birds/p/greaterflamingo.htm,31,http,True,7,animals,55
0,0,0,0,7,9,0,0,6.888888888888889,8,stanford,0,16,3,/group/stanfordbirds/text/essays/flamingo_feeding.html,54,http,True,3,www,77
0,0,0,0,5,6,0,0,6.166666666666667,5,uwlax,0,12,3,/bio203/s2007/greaney_megh,26,http,False,6,bioweb,49
0,0,0,0,3,6,0,0,5.166666666666667,10,kenyabirds,0,10,2,/flamingo_g.htm,15,http,True,3,www,43
0,0,0,0,3,6,0,0,5.166666666666667,10,kenyabirds,0,10,2,/flamingo_l.htm,15,http,True,3,www,43
0,1,0,0,4,9,0,0,4.777777777777778,3,bbc,0,9,2,/nature/wildfacts/factfiles/3104.shtml,38,http,False,3,www,58
0,0,1,0,3,6,0,0,6.666666666666667,11,montereybay,0,11,3,/creagrus/woodpeckers.html,26,http,True,3,www,52
0,0,1,0,3,5,0,0,6.6,11,montereybay,0,11,3,/creagrus/barbets.html,22,http,True,0,,44
0,0,1,0,3,5,0,0,7.8,11,montereybay,0,13,3,/creagrus/asian_barbets.html,28,http,True,0,,50
0,0,1,0,3,5,0,0,8.2,11,montereybay,0,15,3,/creagrus/african_barbets.html,30,http,True,0,,52
0,0,0,0,7,9,0,0,7.444444444444445,5,umich,0,15,3,/site/accounts/classification/piciformes.html,45,http,True,20,animaldiversity.ummz,82
0,0,1,0,5,7,0,0,5.571428571428571,3,jea,0,10,3,/animalfact/birds/woodpeck.htm,30,http,True,7,pelotes,52
0,0,0,0,4,7,0,0,4.142857142857143,10,kenyabirds,0,10,2,/barbet-wh.htm,14,http,True,3,www,42
0,0,0,0,3,6,0,0,5.0,10,kenyabirds,0,10,2,/ry_barbet.htm,14,http,True,3,www,42
0,0,0,0,3,5,0,0,8.2,11,honoluluzoo,0,21,3,/red_and_yellow_barbet.htm,26,http,True,3,www,52
0,0,0,0,3,6,0,0,4.833333333333333,10,kenyabirds,0,10,2,/d_barbet.htm,13,http,True,3,www,41
0,0,0,0,3,7,0,0,4.142857142857143,10,kenyabirds,0,10,2,/tinker-rf.htm,14,http,True,3,www,42
0,0,0,0,2,6,0,0,5.0,10,kenyabirds,0,10,2,/nubian_wp.htm,14,http,True,3,www,42
0,0,1,0,3,6,0,0,8.0,15,juliezickefoose,0,15,3,/articles/ivory_billed_wp.html,30,http,True,3,www,60
0,0,0,0,4,7,0,0,4.0,3,lsu,0,6,3,/~remsen/ibw.html,17,http,True,10,www.museum,42
0,0,0,0,5,7,0,0,8.714285714285714,22,rainforestconservation,0,22,3,/data_sheets/birds/cc_woodpecker.html,37,http,True,3,www,74
0,0,0,0,7,9,0,0,8.222222222222221,5,umich,0,25,3,/site/accounts/sounds/campephilus_guatemalensis.html,52,http,True,20,animaldiversity.ummz,89
0,0,0,0,6,9,0,0,5.0,3,npr,0,9,3,/templates/story/story.php,26,http,False,3,www,60
0,0,0,0,5,7,0,0,5.857142857142857,10,sciencemag,0,10,3,/cgi/content/abstract/1114103,29,http,True,3,www,54
0,0,1,0,7,10,0,0,8.4,7,corante,0,48,2,/loom/archives/2005/04/28/reports_of_my_extinction_are_greatly_exaggerated.php,78,http,True,3,www,100
0,0,0,0,3,4,0,0,5.25,6,nature,0,9,3,/ivorybill/,11,http,True,3,www,32
0,0,0,0,2,3,0,0,5.0,9,ivorybill,0,9,3,/,1,http,True,3,www,25
0,0,0,0,2,4,0,0,4.5,3,fws,0,9,3,/ivorybill/,11,http,False,3,www,29
0,0,1,0,2,4,0,0,6.0,8,blogspot,0,10,3,/,1,http,True,14,www.ivorybills,35
0,0,0,0,1,3,0,0,3.3333333333333335,4,ibwo,0,4,3,/,1,http,False,3,www,20
0,0,2,0,2,5,0,0,5.0,21,ivory-bill-woodpecker,0,10,3,/,1,http,True,3,www,37
0,0,0,0,4,5,0,0,4.6,7,cornell,0,7,3,/ivory/,7,http,True,9,www.birds,35
0,0,1,0,5,9,0,0,5.777777777777778,8,uwindsor,0,9,2,/courses/biology/dmennill/ibwo/ibwoindex.php,44,http,True,4,web2,67
0,1,1,0,4,9,0,0,4.555555555555555,9,avesphoto,0,9,1,/website/na/species/flkgil-1.htm,32,http,True,3,www,56
0,0,1,0,2,5,0,0,6.4,8,nenature,0,15,3,/northernflicker.htm,20,http,True,3,www,43
0,0,1,0,3,9,0,0,4.111111111111111,4,usgs,0,7,2,/id/framlst/i4140id.html,24,http,False,12,www.mbr-pwrc,52
0,0,1,0,3,9,0,0,4.111111111111111,4,usgs,0,7,2,/id/framlst/i4050id.html,24,http,False,12,www.mbr-pwrc,52
0,0,1,0,5,8,0,0,5.375,10,mangoverde,0,10,3,/birdsound/spec/spec104-167.html,32,http,True,3,www,57
0,0,1,0,2,5,0,0,7.0,8,nenature,0,18,3,/pileatedwoodpecker.htm,23,http,True,3,www,46
0,0,1,0,1,3,0,0,10.333333333333334,25,pileatedwoodpeckercentral,0,25,3,/,1,http,True,3,www,41
0,0,0,0,5,7,0,0,5.714285714285714,7,cornell,0,12,3,/bfl/speciesaccts/lewwoo.html,29,http,True,5,birds,53
0,0,1,0,2,5,0,0,8.6,13,focusonnature,0,21,3,/puertoricanwoodpecker.htm,26,http,True,3,www,54
0,0,1,0,2,5,0,0,5.2,7,landiss,0,10,3,/woodpecker.htm,15,http,True,3,www,37
0,0,1,0,3,9,0,0,4.111111111111111,4,usgs,0,7,2,/id/framlst/i4110id.html,24,http,False,12,www.mbr-pwrc,52
0,0,1,0,2,6,0,0,6.0,15,birdphotography,0,15,3,/species/giwo.html,18,http,True,3,www,48
0,1,0,0,1,5,0,0,7.2,15,birdsofoklahoma,0,15,3,/gfwoodpecker.htm,17,http,True,3,www,47
0,0,1,0,3,6,0,0,7.5,13,arthurgrosset,0,15,3,/sabirds/whitewoodpecker.html,29,http,True,3,www,57
0,0,1,0,2,5,0,0,7.2,8,nenature,0,19,3,/redheadedwoodpecker.htm,24,http,True,3,www,47
0,0,1,0,2,5,0,0,7.4,8,nenature,0,20,3,/redbelliedwoodpecker.htm,25,http,True,3,www,48
0,0,0,0,7,9,0,0,8.555555555555555,5,umich,0,23,3,/site/accounts/information/melanerpes_formicivorus.html,55,http,True,20,animaldiversity.ummz,92
0,0,1,0,2,6,0,0,4.833333333333333,7,birding,0,8,3,/topbirds/572aw.asp,19,http,True,3,www,41
0,0,0,0,7,9,0,0,7.666666666666667,7,cornell,0,22,3,/allaboutbirds/birdguide/red-bellied_woodpecker_dtl.html,56,http,True,9,www.birds,84
0,0,0,0,7,9,0,0,7.111111111111111,7,cornell,0,17,3,/allaboutbirds/birdguide/red-headed_woodpecker.html,51,http,True,9,www.birds,79
0,0,2,0,3,7,0,0,5.428571428571429,13,squirrelhouse,0,13,3,/enter/birds/index.html,23,http,True,3,www,51
0,0,0,0,2,3,0,0,5.666666666666667,3,fws,0,11,3,/,1,http,False,11,rcwrecovery,27
0,0,1,0,3,7,0,0,5.0,3,wbu,0,12,3,/chipperwoods/photos/downy.htm,30,http,False,3,www,48
0,0,1,0,3,9,0,0,4.111111111111111,4,usgs,0,7,2,/id/framlst/i3970id.html,24,http,False,12,www.mbr-pwrc,52
0,0,1,0,3,9,0,0,4.111111111111111,4,usgs,0,7,2,/id/framlst/i3960id.html,24,http,False,12,www.mbr-pwrc,52
0,0,1,0,2,7,0,0,5.0,3,wbu,0,12,3,/chipperwoods/photos/hwood.htm,30,http,False,3,www,48
0,0,1,0,3,9,0,0,4.111111111111111,4,usgs,0,7,2,/id/framlst/i3980id.html,24,http,False,12,www.mbr-pwrc,52
0,0,1,0,3,9,0,0,4.111111111111111,4,usgs,0,7,2,/id/framlst/i4010id.html,24,http,False,12,www.mbr-pwrc,52
0,0,1,0,1,5,0,0,5.0,10,birdnature,0,10,3,/bb3tw.html,11,http,True,3,www,36
0,0,1,0,2,5,0,0,6.4,8,nenature,0,15,3,/downywoodpecker.htm,20,http,True,3,www,43
0,0,1,0,2,5,0,0,6.4,8,nenature,0,15,3,/hairywoodpecker.htm,20,http,True,3,www,43
0,0,0,0,4,7,0,0,5.714285714285714,7,cornell,0,12,3,/bfl/speciesaccts/ariwoo.html,29,http,True,5,birds,53
0,0,0,0,7,9,0,0,7.888888888888889,5,umich,0,17,3,/site/accounts/information/picoides_scalaris.html,49,http,True,20,animaldiversity.ummz,86
0,0,0,0,2,3,0,0,8.666666666666666,19,woodpeckersofeurope,0,19,3,/,1,http,True,3,www,36
0,0,0,0,6,8,0,0,8.375,7,cornell,0,23,3,/allaboutbirds/birdguide/nuttalls_woodpecker_dtl.html,53,http,True,9,www.birds,81
0,0,0,0,2,4,0,0,4.25,3,mhc,0,7,3,/ybsa/,6,http,False,7,biology,28
0,0,0,0,7,10,0,0,5.1,3,isu,0,12,3,/digitalatlas/bio/birds/wdpkrs/rnsa/rnsa_mai.htm,48,http,True,4,imnh,67
0,0,0,0,7,9,0,0,7.111111111111111,14,stanfordalumni,0,18,3,/birdsite/text/species/red-breasted_sapsucker.html,50,http,True,3,www,79
0,0,1,0,2,6,0,0,6.0,15,birdphotography,0,15,3,/species/rbsa.html,18,http,True,3,www,48
0,0,1,0,3,9,0,0,4.111111111111111,4,usgs,0,7,2,/id/framlst/i4021id.html,24,http,False,12,www.mbr-pwrc,52
0,0,1,0,2,5,0,0,7.8,8,nenature,0,22,3,/yellowbelliedsapsucker.htm,27,http,True,3,www,50
0,0,0,0,7,10,0,0,5.1,3,isu,0,12,3,/digitalatlas/bio/birds/wdpkrs/wisa/wisa_mai.htm,48,http,True,4,imnh,67
0,0,0,0,7,9,0,0,7.444444444444445,7,cornell,0,17,3,/allaboutbirds/birdguide/yellow-bellied_sapsucker.html,54,http,True,9,www.birds,82
0,0,0,0,5,6,0,0,5.666666666666667,5,uwlax,0,9,3,/bio203/s2008/todd_ange/,24,http,False,6,bioweb,47
0,0,0,0,3,7,0,0,3.857142857142857,10,kenyabirds,0,10,2,/barb-bt.htm,12,http,True,3,www,40
0,1,0,0,3,7,0,0,3.857142857142857,10,kenyabirds,0,10,2,/barb-sf.htm,12,http,True,3,www,40
0,0,0,0,3,7,0,0,3.857142857142857,10,kenyabirds,0,10,2,/barb-rf.htm,12,http,True,3,www,40
0,0,1,0,3,9,0,0,4.111111111111111,4,usgs,0,7,2,/id/framlst/i0011id.html,24,http,False,12,www.mbr-pwrc,52
0,3,0,0,5,12,0,0,4.0,5,state,0,10,2,/org/land/er/factsheets/birds/rdnkgr.htm,40,http,True,7,www.dnr,66
0,0,1,0,2,5,0,0,6.4,8,nenature,0,15,3,/piedbilledgrebe.htm,20,http,True,3,www,43
0,0,0,0,6,10,0,0,5.2,4,usgs,0,8,3,/resource/birds/forest/species/podinigr.htm,43,http,False,9,www.npwrc,68
0,0,0,0,6,10,0,0,5.2,4,usgs,0,8,3,/resource/birds/forest/species/podipodi.htm,43,http,False,9,www.npwrc,68
0,0,1,0,2,5,0,0,5.8,10,neseabirds,0,10,3,/sheargreat.htm,15,http,True,3,www,40
0,0,1,0,2,5,0,0,5.6,10,neseabirds,0,10,3,/shearcory.htm,14,http,True,3,www,39
0,0,1,0,2,5,0,0,6.6,10,neseabirds,0,14,3,/shearwatermanx.htm,19,http,True,3,www,44
0,0,1,0,2,5,0,0,7.2,10,neseabirds,0,17,3,/shearwateraudubon.htm,22,http,True,3,www,47
0,1,1,0,4,9,0,0,4.555555555555555,9,avesphoto,0,9,1,/website/na/species/shwlit-1.htm,32,http,True,3,www,56
0,0,0,0,4,7,0,0,6.714285714285714,7,austmus,0,19,2,/factsheets/wandering_albatross.htm,35,http,True,3,www,60
0,0,1,0,2,5,0,0,8.0,18,shearwaterjourneys,0,18,3,/shyalbatross.html,18,http,True,3,www,51
0,0,1,0,2,5,0,0,5.6,10,neseabirds,0,10,3,/stormpwsp.htm,14,http,True,3,www,39
0,0,1,0,2,5,0,0,6.4,10,neseabirds,0,13,3,/stormpetrelwf.htm,18,http,True,3,www,43
0,0,1,0,1,5,0,0,5.4,10,seabirding,0,10,3,/bpiimage.htm,13,http,True,3,www,38
0,0,1,0,2,5,0,0,6.8,14,oceanwanderers,0,14,3,/bermudapet.html,16,http,True,3,www,45
0,0,0,0,5,7,0,0,7.714285714285714,12,borealforest,0,23,3,/world/birds/short_tailed_shearwater.htm,40,http,True,3,www,67
0,0,1,0,2,5,0,0,5.8,7,nzbirds,0,10,3,/birds/bluepetrel.html,22,http,False,0,,40
0,1,1,0,4,9,0,0,4.555555555555555,9,avesphoto,0,9,1,/website/na/species/petbcp-2.htm,32,http,True,3,www,56
0,0,1,0,3,9,0,0,4.111111111111111,4,usgs,0,7,2,/id/framlst/i1090id.html,24,http,False,12,www.mbr-pwrc,52
0,0,1,0,6,8,0,0,5.125,10,birdguides,0,10,2,/species/species.asp,20,http,True,3,www,55
0,0,1,0,2,5,0,0,4.6,7,nzbirds,0,7,3,/birds/titi.html,16,http,False,0,,34
0,0,1,0,6,9,0,0,7.555555555555555,21,falklandsconservation,0,21,3,/wildlife/albatross/black-browed-albatross.html,47,http,True,3,www,83
0,0,1,0,6,9,0,0,7.444444444444445,21,falklandsconservation,0,21,3,/wildlife/albatross/southern-giant-petrel.html,46,http,True,3,www,82
0,0,1,0,6,9,0,0,7.333333333333333,21,falklandsconservation,0,21,3,/wildlife/albatross/white-chinned-petrel.html,45,http,True,3,www,81
0,0,0,0,2,3,0,0,8.666666666666666,20,parrotsinternational,0,20,3,/,1,http,True,3,www,36
0,0,1,0,6,9,0,0,6.0,7,netpets,0,15,1,/birds/reference/lafeber/8/incredible_beak.html,47,http,True,3,www,69
0,1,0,0,1,3,0,0,5.666666666666667,11,freeparrots,0,11,3,,0,http,True,3,www,26
0,0,0,0,2,2,0,0,9.5,16,hatchedtoflyfree,0,16,3,/,1,http,True,0,,28
0,0,0,0,3,6,0,0,4.833333333333333,4,tamu,0,11,3,/brightsmith/,13,http,True,13,vtpb-www2.cvm,42
0,0,0,0,2,3,0,0,5.666666666666667,11,cityparrots,0,11,3,/,1,http,True,3,www,27
0,0,1,0,2,6,0,0,6.0,7,nzbirds,0,14,3,/birds/sulphurcrested.html,26,http,False,3,www,48
0,0,1,0,4,7,0,0,5.142857142857143,3,uol,0,12,2,/indexing.htm,13,http,False,18,papagaio2000.sites,49
0,0,0,0,6,9,0,0,5.888888888888889,4,nepa,0,12,2,/yourenv/biodiversity/species/black_billed.htm,46,http,True,3,www,68
0,1,1,0,5,9,0,0,4.555555555555555,9,avesphoto,0,9,1,/website/na/species/parrcr-1.htm,32,http,True,3,www,56
0,0,0,0,7,8,0,0,6.875,10,oaklandzoo,0,16,3,/meet_the_animals/yellow-naped-amazon-parrot*,45,http,True,3,www,70
0,0,0,0,2,3,0,0,7.0,15,greatgreenmacaw,0,15,3,/,1,http,True,3,www,31
0,0,1,0,2,3,0,0,9.333333333333334,9,homestead,0,16,3,/,1,http,True,16,hatchedtoflyfree,38
0,0,0,0,2,3,0,0,5.333333333333333,10,bluemacaws,0,10,3,/,1,http,True,3,www,26
0,1,0,0,5,7,0,0,5.714285714285714,6,virgin,0,9,3,/susan.armitage/macaws.htm,26,http,True,9,freespace,53
0,0,0,0,2,3,0,0,6.0,12,macawlanding,0,12,3,/,1,http,True,3,www,28
0,0,0,0,3,6,0,0,4.833333333333333,4,tamu,0,11,3,/brightsmith/,13,http,True,13,vtpb-www2.cvm,42
0,0,1,0,2,6,0,0,6.0,7,nzbirds,0,14,3,/birds/kakarikiyellow.html,26,http,False,3,www,48
0,0,1,0,2,5,0,0,7.2,7,nzbirds,0,17,3,/birds/antipodesparakeet.html,29,http,False,0,,47
0,0,0,0,7,9,0,0,7.777777777777778,5,umich,0,16,3,/site/accounts/information/nestor_notabilis.html,48,http,True,20,animaldiversity.ummz,85
0,0,1,0,2,6,0,0,4.166666666666667,7,nzbirds,0,7,3,/birds/kea.html,15,http,False,3,www,37
0,0,1,0,2,5,0,0,4.6,7,nzbirds,0,7,3,/birds/kaka.html,16,http,False,0,,34
0,0,2,0,4,7,0,0,7.0,14,haryana-online,0,20,3,/fauna/birds/alexandrine_parakeet.htm,37,http,True,0,,62
0,1,0,0,12,16,0,0,4.6875,8,birdlife,0,13,1,/datazone/species/index.html,28,http,True,3,www,97
0,1,0,0,1,3,0,0,4.0,6,kakapo,0,6,3,/,1,http,True,3,www,22
0,2,1,0,2,5,0,0,4.8,9,wikipedia,0,9,2,/wiki/kakapo,12,http,True,2,en,35
0,0,1,0,2,5,0,0,5.0,7,nzbirds,0,7,3,/birds/kakapo.html,18,http,False,0,,36
0,0,0,0,2,4,7,9,5.5,14,kakaporecovery,0,14,2,/,1,http,True,3,www,33
0,0,0,0,5,6,0,0,5.833333333333333,5,uwlax,0,10,3,/bio203/s2008/runde_sama/,25,http,False,6,bioweb,48
0,0,0,0,3,7,0,0,4.142857142857143,10,kenyabirds,0,10,2,/parrot-ob.htm,14,http,True,3,www,42
0,0,0,0,3,6,0,0,5.5,12,wingscentral,0,12,3,/aps/faqcapes.aspx,18,http,True,3,www,45
0,0,1,0,3,6,0,0,4.166666666666667,7,wingscc,0,7,3,/aps/poicep.htm,15,http,True,3,www,37
0,0,0,0,3,5,0,0,5.0,8,seabirds,0,8,3,/penguins.htm,13,http,True,3,www,36
0,1,0,0,1,4,7,9,3.75,7,penguin,0,7,2,/,1,http,True,3,www,26
0,1,0,0,4,7,0,0,5.0,8,bluemoon,0,8,3,/~opus/nframe/penguin.html,26,http,True,3,www,49
0,1,0,0,5,7,0,0,5.857142857142857,3,gma,0,10,3,/surfing/antarctica/penguin.html,32,http,True,7,octopus,54
0,0,1,0,5,8,0,0,7.5,19,antarcticconnection,0,19,3,/antarctic/wildlife/penguins/index.shtml,40,http,True,3,www,74
0,1,0,0,1,3,0,0,4.333333333333333,8,penguins,0,8,2,/,1,http,True,3,www,23
0,1,0,0,1,3,0,0,5.0,9,falklands,0,9,3,/,1,http,True,3,www,25
0,0,0,0,3,3,0,0,7.0,8,pinguins,0,9,4,/,1,http,True,9,englishnf,31
0,1,0,0,2,6,0,0,6.0,8,gdargaud,0,10,3,/antarctica/penguins.html,25,http,False,3,www,48
0,1,0,0,2,6,7,8,4.333333333333333,10,blueyonder,0,10,2,/,1,http,True,14,www.adelie.pwp,39
