Alexa Rank,Brand count,Domain,Known TLD,Label,Num Subdomains,Path,Protocol,URL Length
1,0,www.liquidgeneration.com,1,0,0,/,http,0
1,0,www.onlineanime.org,1,0,0,/,http,0
0,0,www.ceres.dti.ne.jp,0,0,1,/~nekoi/senno/senfirst.html,http,0
0,0,www.galeon.com,1,0,0,/kmh/,http,0
1,0,www.fanworkrecs.com,1,0,0,/,http,0
1,0,www.animehouse.com,1,0,0,/,http,0
2,1,www2.117.ne.jp,0,0,1,/~mb1996ax/enadc.html,http,0
2,1,archive.rhps.org,1,0,0,/fritters/yui/index.html,http,0
2,1,www.freecartoonsex.com,1,0,0,/,http,0
2,1,www.cutepet.org,1,0,0,/,http,0
2,1,www.taremeparadise.com,1,0,0,/,http,0
1,1,www.internetdump.com,1,0,0,/users/pornographite/index1.html,http,2
1,1,darkkaminari.net,1,0,0,,http,0
1,1,www.iei.net,1,0,0,/~bkos1/velneko.htm,http,0
0,1,www9.kinghost.com,1,0,0,/fetish/hentaibee/,http,0
1,1,www.jasonmeador.com,1,0,0,/,http,0
0,1,www.geocities.com,1,0,0,/kaseychan17/index.html,http,0
0,1,www.angelfire.com,1,0,0,/journal/coldlemonade/index.html,http,2
2,1,e.webring.com,1,0,0,/hub,http,2
1,1,www.nemurokinenkan.net,1,0,0,,http,0
1,1,j-heaven.tripod.com,1,0,0,/library.htm,http,0
0,1,www.angelfire.com,1,0,0,/poetry/nicolesstories/,http,0
1,1,thesheeparecoming.tripod.com,1,0,0,/papercrane/,http,0
0,1,www.geocities.com,1,0,0,/eddie_monsoon2002/,http,0
2,1,www.shokushu.com,1,0,0,/,http,0
0,1,www.geocities.com,1,0,0,/timessquare/arcade/7810/p_hgames.htm,http,2
2,1,www.hentaisocialclub.com,1,0,0,/ganguro/index.html,http,0
0,1,ryogamasaki.netfirms.com,1,0,0,/,http,0
0,1,members.tripod.com,1,0,0,/~chaz16/3.html,http,0
2,1,www.hentai-comics.com,1,0,0,/,http,0
2,1,www.jastusa.com,1,0,0,/,http,0
2,1,www.peachprincess.com,1,0,0,/,http,0
2,1,www.g-collections.com,1,0,0,,http,0
1,1,www.hentai-games.com,1,0,0,/,http,0
1,1,www.canadahentai.com,1,0,0,,http,0
1,1,www.hirameki-int.com,1,0,0,,http,0
2,1,www.himeyashop.com,1,0,0,/,http,0
0,1,www.jlist.com,1,0,0,/,http,0
1,1,www.clubspooey.com,1,0,0,/spooey/,http,0
1,1,www.hentaigamer.com,1,0,0,,http,0
2,1,www.pcrdist.com,1,0,0,,http,0
2,1,www.densetsu.com,1,0,0,/,http,0
2,1,www.animetric.com,1,0,0,/bgames.html,http,0
2,1,www.jmate.com,1,0,0,/home.html,http,0
1,1,www.three-musketeers.net,1,0,0,/mike/animeopinions.html,http,2
2,1,engbishoujo.tripod.com,1,0,0,,http,0
0,1,www.somethingawful.com,1,0,0,/hentai/,http,0
0,1,www.geocities.com,1,0,0,/aetus_kane/reviews.html,http,0
1,1,www.hentaigameszone.com,1,0,0,,http,0
2,1,www.hentaineko.com,1,0,0,/html_peekv/peek_vgames.shtml,http,2
0,1,www.asahi-net.or.jp,0,0,1,/~uz9y-ab/yaoicomic.htm,http,0
0,1,www.geocities.com,1,0,0,/tokyo/villa/9953/yaoimain.html,http,2
1,1,www.commonastherain.com,1,0,0,/eros.html,http,0
0,1,www.angelfire.com,1,0,0,/anime3/hoshinokaze/,http,0
1,1,www.discarnate.com,1,0,0,/boysnextdoor/,http,0
0,1,www.geocities.com,1,0,0,/spirestudio/index.htm,http,0
0,1,www.angelfire.com,1,0,0,/me3/mandaplay/index.html,http,0
0,1,www.geocities.com,1,0,0,/tokyo/courtyard/9155/carosmen.htm,http,2
1,1,members.tripod.com,1,0,0,/~cheekokr/enter.html,http,0
1,1,www.aoihayashi.com,1,0,0,/,http,0
0,1,www.geocities.com,1,0,0,/shinji_is_my_man/,http,0
1,1,www.cruelangel.net,1,0,0,/divinitas/,http,0
1,1,death_of_ase.tripod.com,1,0,0,/dt/twisteddesire.html,http,0
1,1,www.orchidveil.net,1,0,0,/trapdoor/,http,0
0,1,www.geocities.com,1,0,0,/roryheadmav/main.html,http,0
0,1,www.angelfire.com,1,0,0,/anime4/wildefyre/,http,0
1,1,www.yaoiluvr.net,1,0,0,,http,0
0,1,www.angelfire.com,1,0,0,/goth2/azrael/,http,0
2,1,m.webring.com,1,0,0,/hub,http,0
2,1,onami.free.fr,0,0,0,/,http,0
0,1,www.geocities.com,1,0,0,/obsidianblaze/,http,0
2,1,p080.ezboard.com,1,0,0,/badragonballyaoirpg,http,0
1,1,www.pureyaoi.org,1,0,0,/,http,0
2,1,www.gaytoon-japan.com,1,0,0,,http,0
2,1,www.clubclassic.net,1,0,0,/yaoi.html,http,0
0,1,www.geocities.com,1,0,0,/apple_toh/index.html,http,0
2,1,www.gongaga.com,1,0,0,/,http,0
0,1,www.angelfire.com,1,0,0,/goth/doujinshi_rapture/,http,0
0,1,geocities.com,1,0,0,/plugplaymanga/,http,0
1,1,www.kinu-sekigushi.com,1,0,0,/,http,0
0,1,www.geocities.com,1,0,0,/can_it_be_sin/index_2.html,http,0
2,1,community.livejournal.com,1,0,0,/jrockyaoi/,http,0
1,1,arachnoid.reverie-noire.com,1,0,0,/,http,0
1,1,totchi.tripod.com,1,0,0,/,http,0
0,1,home.arcor.de,1,0,0,/jrock-yaoi/index2.htm,http,0
2,1,www.dtwins.co.uk,0,0,1,/jfic/efiction30/index.php,http,0
0,1,members.tripod.com,1,0,0,/starchan/,http,0
0,1,www.geocities.com,1,0,0,/hushie_hush/,http,0
2,1,www.cursedmoons.com,1,0,0,/,http,0
1,1,www.worldshaking.net,1,0,0,/,http,0
1,1,www.shoujoai.com,1,0,0,/,http,0
0,1,www.angelfire.com,1,0,0,/anime2/yurifics/index.html,http,0
0,1,groups.yahoo.com,1,0,0,/group/lilypetalsandfallendewdrops/,http,2
2,1,www.privateholes.com,1,0,0,/anime/anime-sex/index6.html,http,2
2,1,www.privateholes.com,1,0,0,/anime/anime-asia/index6.html,http,2
1,1,www.anime-hentai-cartoons.com,1,0,0,/,http,0
2,1,idd00788.eresmas.net,1,0,0,/,http,0
1,1,www.applicot.com,1,0,0,/,http,0
2,1,adultcompass.com,1,0,0,/avs/0/1/acw/index.html,http,0
1,1,www.adult-anime-hentai.com,1,0,0,/,http,0
1,1,www.emuck.com:3000,1,0,0,/archive/egan.html,http,0
2,1,danoday.com,1,0,0,/summit.shtml,http,0
0,1,groups.yahoo.com,1,0,0,/group/voice_actor_appreciation/links/events_and_appearanc_000985383761/,http,1
1,1,voice-international.com,1,0,0,/,http,0
1,1,www.livinglegendsltd.com,1,0,0,/,http,0
2,1,voicechasers.com,1,0,0,/forum/viewforum.php,http,0
1,1,hollywoodcollectorshow.com,1,0,0,/,http,0
0,1,www.geocities.com,1,0,0,/hollywood/hills/8944/,http,0
2,1,asifa.proboards61.com,1,0,0,/index.cgi,http,2
0,1,groups.yahoo.com,1,0,0,/group/voice_actor_appreciation/cal///group/voice_actor_appreciation/,http,1
0,1,us.imdb.com,1,0,0,/name/nm0267724/,http,0
2,1,www.pamelynferdin.com,1,0,0,/,http,0
1,1,www.pamferdin.com,1,0,0,/,http,0
1,1,www.monkeydog.com,1,0,0,/,http,0
1,1,teamknightrider.com,1,0,0,/cast/plato/plato.html,http,0
0,1,us.imdb.com,1,0,0,/name/nm0281486/,http,0
0,1,anp.awn.com,1,0,0,/anifest-3.html,http,0
0,1,www.awn.com,1,0,0,/mag/issue1.7/articles/kowlaskidi1.7.html,http,2
0,1,www.awn.com,1,0,0,/mag/issue2.7/2.7pages/2.7jacksonjones.html,http,2
0,1,www.awn.com,1,0,0,/mag/issue1.9/articles/kowlagrinch1.9.html,http,2
0,1,us.imdb.com,1,0,0,/name/nm0004931/,http,0
2,1,www.voicechasers.com,1,0,0,/database/showactor.php,http,2
2,1,www.vortex.com,1,0,0,/av.html,http,0
2,1,starbulletin.com,1,0,0,/96/07/11/features/story3.html,http,0
0,1,anp.awn.com,1,0,0,/juneforay.html,http,0
0,1,www.cerias.purdue.edu,1,0,1,/homes/spaf/yucks/v2/msg00061.html,http,2
0,1,www.awn.com,1,0,0,/mag/issue5.03/5.03pages/evanierforay.php3,http,2
0,1,www.awn.com,1,0,0,/mag/issue4.02/4.02pages/foraylittlejohn.php3,http,2
2,1,archives.seattletimes.nwsource.com,1,0,1,/cgi-bin/texis.cgi/web/vortex/display,http,1
0,1,www.geocities.com,1,0,0,/enchantedforest/dell/8545/fraley.html,http,2
0,1,us.imdb.com,1,0,0,/name/nm0289710/,http,0
2,1,www.voicechasers.com,1,0,0,/database/showactor.php,http,2
2,1,patfraley.com,1,0,0,/,http,0
2,1,nerf-herders-anonymous.net,1,0,0,/patfraley.html,http,0
2,1,www.vasta.org,1,0,0,/professional_index/fraleyp.html,http,0
2,1,news.toonzone.net,1,0,0,/2000/oct/27/hearing_voices.php,http,2
0,1,members.tripod.com,1,0,0,/~leemichaelwithers/sfh.htm,http,0
2,1,www.radiospirits.com,1,0,0,/onradio/meethost_sf.asp,http,0
0,1,us.imdb.com,1,0,0,/name/nm0292677/,http,0
2,1,freberg.westnet.com,1,0,0,/,http,0
0,1,www.aarp.org,1,0,0,/mmaturity/mar_apr00_preview/creators.html,http,2
2,1,www.cosmik.com,1,0,0,/aa-october99/stan_freberg.html,http,0
2,1,www.tsimon.com,1,0,0,/freberg.htm,http,0
1,1,www.firezine.net,1,0,0,/issue6/fz6_07.htm,http,0
1,1,www.thehutch.com,1,0,0,/rabhutch/freberg.htm,http,0
1,1,www.povonline.com,1,0,0,/cols/col051.htm,http,0
1,1,www.povonline.com,1,0,0,/2001/news060901.htm,http,0
0,1,www.austinchronicle.com,1,0,0,/issues/dispatch/1999-12-10/music_feature3.html,http,1
2,1,www.dawsbutler.com,1,0,0,/freberg.htm,http,0
2,1,freberg.westnet.com,1,0,0,/list.html,http,0
2,1,www.rhino.com,1,0,0,/features/75645p.html,http,0
1,1,hitcomedy.com,1,0,0,/index.html,http,0
2,1,www.cyberonic.net,1,0,0,/~atrain/comedy/freberg.htm,http,0
1,1,www.povonline.com,1,0,0,/cols/col102.htm,http,0
2,1,freberg.westnet.com,1,0,0,/hear_it.html,http,0
2,1,www.epinions.com,1,0,0,/musc-album-musc-freberg__stan/tk_~mm032.1.2,http,2
1,1,citypaper.net,1,0,0,/articles/091699/mus.stan.shtml,http,0
2,1,www.crispinfreeman.com,1,0,0,/,http,0
2,1,www.reelradio.com,1,0,0,/gifts/frees.html,http,0
1,1,www.spookytoms.com,1,0,0,/paul_frees_tribute.html,http,0
2,1,www.hollowhill.com,1,0,0,/gm/library/frees.htm,http,0
0,1,www.dvdtalk.com,1,0,0,/dvdsavant/s74frees.html,http,0
0,1,us.imdb.com,1,0,0,/name/nm0293659/,http,0
2,1,www.voicechasers.com,1,0,0,/database/showactor.php,http,2
2,1,bakerstreetdozen.com,1,0,0,/frewernews.html,http,0
0,1,us.imdb.com,1,0,0,/name/nm0001242/,http,0
0,1,www.geocities.com,1,0,0,/enchantedforest/dell/8545/va.html,http,2
0,1,www.angelfire.com,1,0,0,/ut/rtoons/actors.html,http,0
0,1,www.geocities.com,1,0,0,/hollywood/lot/2636/voiceacting/,http,2
0,1,www.geocities.com,1,0,0,/philbass_2000/narrators.html,http,0
2,1,doreen.mkbmemorial.com,1,0,0,/,http,0
0,1,www.geocities.com,1,0,0,/televisioncity/taping/6785/index.html,http,2
0,1,www.behindthevoiceactors.com,1,0,0,,http,0
2,1,www.keyframeonline.com,1,0,0,/kf.php,http,0
2,1,www.voicechasers.com,1,0,0,/,http,0
0,1,us.imdb.com,1,0,0,/name/nm0304000/,http,0
1,1,www.taoslandandfilm.com,1,0,0,/bradentnwkly.html,http,0
0,1,us.imdb.com,1,0,0,/name/nm0004951/,http,0
2,1,kathygarver.com,1,0,0,/,http,0
0,1,us.imdb.com,1,0,0,/name/nm0308744/,http,0
1,1,www.dickgautier.com,1,0,0,/,http,0
1,1,www.dangilvezan.com,1,0,0,/,http,0
0,1,us.imdb.com,1,0,0,/name/nm0319737/,http,0
0,1,us.imdb.com,1,0,0,/name/nm0330015/,http,0
1,1,www.tv-now.com,1,0,0,/stars/gotfried.html,http,0
2,1,www.cdaccess.com,1,0,0,/html/pc/midmovie.htm,http,0
1,1,genetic_mishap.tripod.com,1,0,0,/landofthreenamedpeople/,http,2
0,1,www.angelfire.com,1,0,0,/celeb/starzbios/gottfried_g.html,http,2
0,1,us.imdb.com,1,0,0,/name/nm0331906/,http,0
0,1,www-tech.mit.edu,1,0,0,/v110/n37/gilber.37a.html,http,0
0,1,www-tech.mit.edu,1,0,0,/v110/n38/lsc.38a.html,http,0
2,1,www.octopusmediaink.com,1,0,0,/gilbertgottfried.html,http,0
1,1,citypaper.net,1,0,0,/articles/022996/article001.shtml,http,0
0,1,jam.canoe.ca,1,0,0,/movies/artists/g/gottfried_gilbert/1997/02/21/758674.html,http,1
2,1,www.voicechasers.com,1,0,0,/database/showactor.php,http,2
2,1,www.kylehebert.com,1,0,0,/,http,0
0,1,www.post-gazette.com,1,0,0,/magazine/19990223voicetalent1.asp,http,2
2,1,www.serkworks.com,1,0,0,/roommates/index.htm,http,0
2,1,www.armory.com,1,0,0,/~keeper/jesshirt.html,http,0
2,1,www.voicechasers.com,1,0,0,/database/showactor.php,http,2
1,1,docharris.com,1,0,0,/,http,0
1,1,www.lushmedia.co.uk,0,0,2,/,http,0
1,1,www.dav-productions.com,1,0,0,/,http,0
1,1,www.ccvideo.net,1,0,0,/,http,0
2,1,www.blueyed.com,1,0,0,/,http,0
2,1,www.koalatv.com,1,0,0,/,http,0
1,1,www.goaggressive.com,1,0,0,/,http,0
2,1,www.emblemma.com,1,0,0,/,http,0
1,1,www.killingtimeproductions.com,1,0,0,/,http,0
1,1,www.rollingrproductions.com,1,0,0,/,http,0
1,1,www.boutwellstudios.com,1,0,0,,http,0
1,1,www.blindruckus.com,1,0,0,,http,0
1,1,www.roadrecords.com,1,0,0,/clientlist.html,http,0
2,1,www.coupestudios.com,1,0,0,,http,0
1,1,www.kellogg-rice.com,1,0,0,,http,0
1,1,www.sarley.com,1,0,0,,http,0
1,1,www.deadlyproductions.com,1,0,0,,http,0
1,1,www.rickaudio.com,1,0,0,,http,0
2,1,www.fmsystems.net,1,0,0,,http,0
1,1,www.gamebeatinc.com,1,0,0,/,http,0
0,1,members.tripod.com,1,0,0,/kcepap/,http,0
2,1,www.loftinpro.com,1,0,0,,http,0
1,1,www.noisefloor.com,1,0,0,,http,0
1,1,www.wavegroup.com,1,0,0,,http,0
2,1,www.audiolinks.com,1,0,0,/,http,0
2,1,business.fortunecity.com,1,0,0,/tisch/809/gold.htm,http,0
2,1,www.harkproductions.com,1,0,0,/audio.html,http,0
1,1,www.loree-nelson.com,1,0,0,,http,0
1,1,www.thilldesign.com,1,0,0,,http,0
1,1,www.cgdesign.com,1,0,0,,http,0
1,1,www.moonaluna.net,1,0,0,,http,0
1,1,www.rjbstudio.com,1,0,0,,http,0
1,1,www.folioinc.com,1,0,0,,http,0
1,1,www.colorpagesinc.com,1,0,0,,http,0
1,1,www.svengoody.com,1,0,0,,http,0
1,1,www.doclivingston.com,1,0,0,,http,0
1,1,www.broadsideinteractive.com,1,0,0,/,http,0
2,1,www.celticharper.com,1,0,0,/wolfhawk.html,http,0
1,1,www.copelandesign.com,1,0,0,,http,0
1,1,www.gilmourcreative.com,1,0,0,,http,0
1,1,www.twentyfirst.co.uk,0,0,2,,http,0
1,1,www.blacktide.com,1,0,0,,http,0
1,1,www.magusgraphics.com,1,0,0,,http,0
0,1,www.geocities.com,1,0,0,/svendesign/,http,0
1,1,www.graphicsillustrated.com,1,0,0,,http,0
1,1,sullivancreative.com,1,0,0,,http,0
1,1,www.thincgrafx.com,1,0,0,/,http,0
2,1,www.rappyco.com,1,0,0,,http,0
1,1,www.vcpresentations.com,1,0,0,/,http,0
1,1,www.philipperaimbault.com,1,0,0,,http,0
1,1,www.jandjgraphics.com,1,0,0,,http,0
1,1,www.transmediaproject.com,1,0,0,/,http,0
2,1,www.informationexperts.com,1,0,0,/,http,0
1,1,www.pluribusmedia.com,1,0,0,/,http,0
1,1,www.adaptivedesign.com,1,0,0,,http,0
1,1,www.logodesignonline.com,1,0,0,,http,0
1,1,www.pentagonstudios.com,1,0,0,,http,0
1,1,www.cre8tivproductions.com,1,0,0,,http,0
1,1,www.stevensonsharpe.co.uk,0,0,2,,http,0
1,1,millercreative.com,1,0,0,,http,0
1,1,www.e-nimation.com,1,0,0,/,http,0
1,1,www.springdesigngroup.com,1,0,0,,http,0
1,1,www.newsdesign.com.hk,0,0,2,,http,0
1,1,www.ronelmm.com,1,0,0,,http,0
1,1,www.themakers.com,1,0,0,,http,0
2,1,www.mochamedia.com,1,0,0,,http,0
1,1,www.maksimedia.com,1,0,0,,http,0
2,1,www.lughstudio.com,1,0,0,,http,0
0,1,www.osprey.com,1,0,0,,http,0
2,1,www.somme.no,0,0,0,/,http,0
2,1,www.impactgroup.com,1,0,0,,http,0
1,1,paulmaple.co.uk,0,0,0,/media/,http,0
2,1,www.pennvid.com,1,0,0,,http,0
1,1,www.cell-media.com,1,0,0,/,http,0
2,1,www.concisegroup.com,1,0,0,/,http,0
1,1,www.picturevideo.com,1,0,0,,http,0
1,1,www.accelvideo.com,1,0,0,,http,0
1,1,www.altana.com.ar,0,0,2,,http,0
2,1,www.allvid.com,1,0,0,/,http,0
1,1,www.babadigital.com,1,0,0,,http,0
1,1,www.mcdougalldigital.com,1,0,0,,http,0
1,1,www.imacron.com,1,0,0,/,http,0
1,1,www.reelized.com,1,0,0,/,http,0
1,1,www.vandongenav.nl,0,0,0,,http,0
1,1,www.rubiconproductions.com,1,0,0,,http,0
1,1,www.visionsoundcomm.com,1,0,0,,http,0
1,1,www.avrs.net,1,0,0,/,http,0
1,1,www.vldigital.com,1,0,0,,http,0
2,1,www.videomagicpro.net,1,0,0,/,http,0
1,1,www.swerdlow.co.uk,0,0,2,/,http,0
1,1,www.sierrabreeze.com,1,0,0,,http,0
1,1,www.jnproductions.com,1,0,0,/,http,0
1,1,www.scribblemedia.com,1,0,0,,http,0
1,1,www.stormshooters.com,1,0,0,,http,0
2,1,www.bigshoulders.com,1,0,0,,http,0
1,1,www.1digital.com,1,0,0,,http,0
1,1,www.manningproductions.com,1,0,0,,http,0
1,1,www.videocopies.com,1,0,0,,http,0
1,1,www.cardinal-broadcast.com,1,0,0,,http,0
2,1,www.dvfilm.com,1,0,0,,http,0
1,1,www.parrottastudio.com,1,0,0,,http,0
1,1,www.pearlmanaudiovideo.com,1,0,0,,http,0
2,1,www.pagerankers.com,1,0,0,,http,0
2,1,www.purevisibility.com,1,0,0,,http,0
2,1,www.pepperjam.com,1,0,0,/,http,0
1,1,www.platinumservices.com,1,0,0,,http,0
1,1,powerspiritonline.com,1,0,0,,http,0
1,1,www.project36.com,1,0,0,,http,0
2,1,www.pageviews.com,1,0,0,/,http,0
1,1,www.podiums.co.uk,0,0,2,/,http,0
1,1,www.portlandwebvisibility.com,1,0,0,,http,0
1,1,www.pagearnold.co.uk,0,0,2,/,http,0
1,1,www.quadrapromotions.com,1,0,0,/,http,0
1,1,www.qxest.net,1,0,0,/,http,0
1,1,www.quisma.de,1,0,0,/,http,0
2,1,www.quirk.biz,0,0,0,/,http,0
1,1,www.top-website-promotion.co.uk,0,0,2,/,http,0
2,1,www.redcarpetweb.com,1,0,0,/,http,0
1,1,www.rocketlist.com,1,0,0,/,http,0
2,1,www.registersuccess.com,1,0,0,/,http,0
1,1,www.raise-your-sites.co.uk,0,0,2,/,http,0
2,1,www.reinventbusiness.com,1,0,0,/,http,0
2,1,www.rainstormconsulting.com,1,0,0,/,http,0
1,1,www.resortwebmarketing.com,1,0,0,/,http,0
1,1,www.rbimedia.com,1,0,0,/,http,0
2,1,www.receptional.com,1,0,0,/,http,0
1,1,www.rankhigh.net,1,0,0,/,http,0
1,1,www.redzoneglobal.net,1,0,0,/,http,0
2,1,www.raisemyrank.com,1,0,0,/,http,0
1,1,www.registereverywhere.com,1,0,0,/,http,0
1,1,www.rankingman.com,1,0,0,/,http,0
1,1,www.rankforsales.com,1,0,0,/,http,0
1,1,www.econnects.net,1,0,0,/,http,0
2,1,www.rankmagic.com,1,0,0,/,http,0
2,1,www.relevanttraffic.com,1,0,0,/,http,0
2,1,www.ranks.nl,0,0,0,/consultancy/,http,0
1,1,www.ranbury.com,1,0,0,/,http,0
1,1,www.rugles.com,1,0,0,/,http,0
1,1,www.redlineseo.com,1,0,0,/,http,0
2,1,www.refreshweb.com,1,0,0,/,http,0
1,1,www.rstwebsolutions.com,1,0,0,/,http,0
1,1,www.reidtechnologies.ca,1,0,0,/,http,0
1,1,www.rtproservices.com,1,0,0,/,http,0
2,1,www.room214.com,1,0,0,/,http,0
1,1,www.seo-websitepromotion.com,1,0,0,/,http,0
2,1,www.rankuno.com,1,0,0,/,http,0
1,1,www.roadmap-placement.com,1,0,0,/,http,0
2,1,www.rimmkaufman.com,1,0,0,/,http,0
1,1,www.rossjackson.co.uk,0,0,2,/,http,0
1,1,www.raspberrymarketing.com,1,0,0,/,http,0
2,1,www.resolutionmedia.com,1,0,0,,http,0
1,1,www.ranksubmit.com,1,0,0,/,http,0
1,1,www.rankhigh.biz,0,0,0,/,http,0
1,1,www.top-search-engine-ranking.co.uk,0,0,2,/,http,0
1,1,www.rapidblue.co.uk,0,0,2,/,http,0
1,1,www.ringjohn.com,1,0,0,/,http,0
2,1,riseinteractive.com,1,0,0,/,http,0
1,1,www.relaxseo.com,1,0,0,,http,0
1,1,www.redchillimarketing.co.uk,0,0,2,,http,0
1,1,www.reseo.com,1,0,0,,http,0
1,1,www.internetcampaignmanagement.com,1,0,0,,http,0
1,1,www.rootconcepts.com,1,0,0,,http,0
1,1,www.redchillisearch.com,1,0,0,,http,0
2,1,www.rankfirst.com.au,0,0,2,,http,0
1,1,www.realonlinemarketing.com,1,0,0,,http,0
1,1,www.revteq.com,1,0,0,,http,0
1,1,www.group41.com,1,0,0,/,http,0
2,1,www.sagerock.com,1,0,0,/,http,0
1,1,www.seotechnologies.com,1,0,0,,http,0
1,1,www.submit-url.net,1,0,0,/,http,0
1,1,www.searchengineer.co.uk,0,0,2,/,http,0
1,1,www.submission-pro.com,1,0,0,/,http,0
1,1,www.searchenginedesign.com,1,0,0,/,http,0
1,1,www.submit-pro.com,1,0,0,/,http,0
1,1,www.sixtop.co.uk,0,0,2,/,http,0
1,1,www.spiderbait.com,1,0,0,/,http,0
1,1,www.searchintelligence.ca,1,0,0,/,http,0
2,1,www.singlethrow.com,1,0,0,/,http,0
2,1,www.sitelynx.com,1,0,0,/,http,0
1,1,www.searchengineserious.co.uk,0,0,2,/,http,0
2,1,www.submitnet.net,1,0,0,/,http,0
2,1,www.searchsummit.com,1,0,0,/,http,0
1,1,www.searchenginewiz.com,1,0,0,/,http,0
1,1,www.slickwebz.com,1,0,0,/,http,0
1,1,www.searchenginetechnologies.com,1,0,0,/,http,0
2,1,www.seoanalysis.com,1,0,0,/,http,0
2,1,www.stepforth.com,1,0,0,,http,0
1,1,www.searchenginepatrol.com,1,0,0,/,http,0
1,1,www.searchanalysts.com,1,0,0,/,http,0
2,1,www.sitesolutions.com,1,0,0,/,http,0
2,1,www.stickyeyes.com,1,0,0,/,http,0
1,1,www.skipechert.com,1,0,0,/,http,0
1,1,www.sitepropel.com,1,0,0,/,http,0
0,1,www.searchenginepeople.com,1,0,0,/,http,0
1,1,www.submit-away.com,1,0,0,/,http,0
2,1,www.submitawebsite.com,1,0,0,/,http,0
1,1,www.superwebsitepromotion.com,1,0,0,/,http,0
2,1,www.successpromotions.com,1,0,0,/,http,0
1,1,www.siteblaster.co.uk,0,0,2,/,http,0
2,1,www.searchinnovation.com,1,0,0,/,http,0
2,1,www.submittoday.com,1,0,0,/,http,0
1,1,www.searchmar.com,1,0,0,/,http,0
2,1,www.seoinc.com,1,0,0,/,http,0
2,1,www.foryoursoft.com,1,0,0,/hypercalendar/,http,0
2,1,www.mdesoft.com,1,0,0,/home_eng.htm,http,0
2,1,contactplus.com,1,0,0,/products/freestuff/task.htm,http,0
2,1,www.cotton100.com,1,0,0,/,http,0
1,1,www.inklineglobal.org,1,0,0,/products/vdp/,http,0
1,1,www.sharewaresolutions.com,1,0,0,/html/calendar.html,http,0
1,1,www.amfsoftware.com,1,0,0,/windows/amfpim.html,http,0
1,1,www.idealcs.com,1,0,0,/calendar/,http,0
2,1,www.zabaware.com,1,0,0,/assistant/index.html,http,0
1,1,compunac.homestead.com,1,0,0,/index.html,http,0
1,1,www.calendarmine.com,1,0,0,/,http,0
1,1,www.hammersoftware.com,1,0,0,/calendar.html,http,0
2,1,www.calendarscope.com,1,0,0,/,http,0
1,1,www.zb2000.com,1,0,0,/acecalendar.htm,http,0
2,1,www.daansystems.com,1,0,0,/daancalendar/,http,0
1,1,hotshift.tripod.com,1,0,0,/,http,0
1,1,www.twesley.com,1,0,0,/~shiftcal/,http,0
1,1,www.naturcalendar.com,1,0,0,/,http,0
1,1,www.calnique.com,1,0,0,/,http,0
1,1,www.wallpaper-calendar.com,1,0,0,/,http,0
1,1,www.vaxtech.com,1,0,0,/birthday-reminder.htm,http,0
1,1,www.srosoftware.com,1,0,0,/sro_bc.htm,http,0
1,1,www.cm-soft.net,1,0,0,/index1.html,http,0
1,1,www.ecrew.org,1,0,0,/,http,0
2,1,www.softshape.com,1,0,0,/cham/,http,0
2,1,www.dummysoftware.com,1,0,0,/clockdummy.html,http,0
2,1,www.cheqsoft.com,1,0,0,/timesown.html,http,0
1,1,www.uk-software.com,1,0,0,/speakingclock.htm,http,0
1,1,www.dillobits.com,1,0,0,/,http,0
2,1,www.altrixsoft.com,1,0,0,,http,0
2,1,ourworld.compuserve.com,1,0,0,/homepages/anithmi/cyclocke.htm,http,2
1,1,www.atomtime.com,1,0,0,/,http,0
2,1,www.mtnsys.com,1,0,0,/pages/atomicclock.htm,http,0
2,1,www.paraben.com,1,0,0,/html/clock2.html,http,0
0,1,www.kaska.demon.co.uk,0,0,1,/,http,0
2,1,www.nestersoft.com,1,0,0,/timeleft/,http,0
2,1,www.chemware.co.nz,0,0,1,/tic.htm,http,0
1,1,www.blueprintsoftwareworks.com,1,0,0,/atomsync/,http,0
1,1,www.hoursandminutes.com,1,0,0,/,http,0
1,1,www.hiclock.com,1,0,0,/,http,0
1,1,www.springcreeksoftware.com,1,0,0,/,http,0
2,1,timerecorder.51.net,1,0,0,/,http,0
1,1,www.rayslab.com,1,0,0,/atomic_clock/atomic_clock.html,http,0
2,1,www.info-pack.com,1,0,0,/datetray/,http,0
2,1,www.lux-aeterna.com,1,0,0,/clock/,http,0
2,1,www.enins.com,1,0,0,/timesled/,http,0
2,1,www.acutesoftware.com.au,0,0,1,/timer.html,http,0
1,1,www.timeutilites.com,1,0,0,/,http,0
1,1,www.nehuenmultimedia.com.ar,0,0,1,/html/atomic_clock.html,http,2
2,1,www.softdemon.com,1,0,0,/clock/,http,0
1,1,www.timezonesforpcs.com,1,0,0,/,http,0
2,1,www.xnotestopwatch.com,1,0,0,/,http,0
1,1,visualversion.com,1,0,0,/timebuddy/index.html,http,0
1,1,www.rpoint.com,1,0,0,/pp/alarm-pro.aspx,http,0
2,1,www.lmhsoft.com,1,0,0,/timesync/,http,0
2,1,www.vioio.com,1,0,0,/mp3alarmclock.htm,http,0
1,1,littlemulticlock.com,1,0,0,/littlemulticlock/files/littlemulticlock.html,http,2
1,1,www.shelltoys.com,1,0,0,/speaking_clock/,http,0
2,1,www.basta.com,1,0,0,/prodhoras.htm,http,0
1,1,www.elprime.com,1,0,0,/,http,0
1,1,www.atsync.com,1,0,0,/,http,0
2,1,www.12noon.com,1,0,0,/,http,0
1,1,www.talkingtimekeeper.com,1,0,0,/,http,0
1,1,www.thecountdownclock.com,1,0,0,/,http,0
1,1,www.softros-tools.com,1,0,0,/,http,0
2,1,www.saythetime.com,1,0,0,/,http,0
1,1,www.utech.net.au,0,0,1,/index.php,http,1
1,1,www.loginor.qc.ca,0,0,1,/index_e.html,http,0
2,1,www.azzcardfile.com,1,0,0,/,http,0
1,1,www.mxac.com.au,0,0,1,/dragonfly.htm,http,0
2,1,www.tgslabs.com,1,0,0,/,http,0
2,1,www.gammadyne.com,1,0,0,/sb.htm,http,0
1,1,www.encodeteam.com,1,0,0,/,http,0
2,1,www.msdsoft.com,1,0,0,/agenda/eng/index.htm,http,0
1,1,www.inklineglobal.org,1,0,0,/,http,0
1,1,www.neverforget.com,1,0,0,/,http,0
1,1,www.cyber-matrix.com,1,0,0,/prosched.html,http,0
2,1,www.1soft.com,1,0,0,/aandb.html,http,0
1,1,www.ezoutliner.com,1,0,0,/,http,0
1,1,www.xreminder.com,1,0,0,/,http,0
2,1,www.inklineglobal.com,1,0,0,/products/vdp/,http,0
2,1,www.wjjsoft.com,1,0,0,/,http,0
1,1,www.personalmicrocosms.com,1,0,0,/html/32bit.html,http,0
2,1,www.pollensoftware.com,1,0,0,/task-o-matic/,http,0
0,1,www.angelfire.com,1,0,0,/ia/anniversary/,http,0
2,1,www.bitsmithsoft.com,1,0,0,/,http,0
2,1,www.mynotescenter.com,1,0,0,/,http,0
2,1,www.csoftlab.com,1,0,0,/,http,0
1,1,www.cancellieri.org,1,0,0,/pmo_index.htm,http,0
1,1,softnote.com,1,0,0,/,http,0
2,1,www.denverresearch.com,1,0,0,/pim/home.shtml,http,0
1,1,www.jsoftconsulting.com,1,0,0,/,http,0
1,1,www.cancellieri.org,1,0,0,/,http,0
1,1,www.winpim.com,1,0,0,/,http,0
1,1,www.lexasoftware.com,1,0,0,,http,0
1,1,www.cancellieri.org,1,0,0,/apim_index.htm,http,0
1,1,www.freedomsoftware.net,1,0,0,/,http,0
1,1,www.joels-journal.com,1,0,0,/,http,0
2,1,www.pimone.com,1,0,0,/,http,0
2,1,www.angelicsoftware.com,1,0,0,/,http,0
1,1,www.freedomsoftware.net,1,0,0,/notebook.html,http,0
0,1,www.geocities.com,1,0,0,/angelicangelsnf/,http,0
1,1,www.arenel.com,1,0,0,,http,0
2,1,home.insightbb.com,1,0,0,/~bastshaman/index.html,http,0
1,1,www.becks-cats.com,1,0,0,,http,0
1,1,www.bedoroses.com,1,0,0,/,http,0
0,1,www.angelfire.com,1,0,0,/ms/brikalacy/,http,0
1,1,castleglen.homestead.com,1,0,0,/intro.html,http,0
1,1,catnipkids.homestead.com,1,0,0,/cattery.html,http,0
2,1,www.cayugafarm.com,1,0,0,,http,0
0,1,www.geocities.com,1,0,0,/demiaracats/cattery.html,http,0
0,1,www.geocities.com,1,0,0,/himalayancats2000/index.html,http,0
1,1,everdreamhimalayan.tripod.com,1,0,0,/,http,0
1,1,www.fancyfriends.com,1,0,0,/,http,0
2,1,www.fancyfluff.i8.com,1,0,2,,http,0
0,1,www.geocities.com,1,0,0,/fluffydreamscatteryca/index.html,http,2
1,1,www.furpleasure.com,1,0,0,/,http,0
1,1,godzanointed4him.homestead.com,1,0,0,/,http,0
0,1,www.geocities.com,1,0,0,/himicats/,http,0
1,1,www.itikat.com,1,0,0,/,http,0
1,1,www.kattenbach.com,1,0,0,,http,0
1,1,www.kutzikoo.com,1,0,0,,http,0
0,1,www.geocities.com,1,0,0,/labonita_persians/,http,0
1,1,www.leclubfur.com,1,0,0,/,http,0
0,1,www.geocities.com,1,0,0,/luvhavencats/,http,0
1,1,sulebrity.homestead.com,1,0,0,/,http,0
0,1,www.geocities.com,1,0,0,/sunnylakes/,http,0
1,1,www.tanglebox.net,1,0,0,,http,0
2,1,home19.inet.tele.dk,0,0,2,/teahs/,http,0
1,1,www.tinyjewels.homestead.com,1,0,1,/index.html,http,0
1,1,www.tntpuff.com,1,0,0,,http,0
1,1,www.whisperwoodcats.com,1,0,0,/,http,0
1,1,www.yewcats.com,1,0,0,/,http,0
0,1,www.geocities.com,1,0,0,/milhorn2002/index.html,http,0
1,1,www.pawsandpurrscattery.com,1,0,0,/,http,0
1,1,www.fancyfurs.net,1,0,0,,http,0
2,1,www.naru.20m.com,1,0,2,,http,0
0,1,home.earthlink.net,1,0,0,/~sandypaws/,http,0
1,1,playwickeycats.com,1,0,0,/index.shtml,http,0
1,1,www.ristokat.com,1,0,0,/,http,0
1,1,www.catteryrow.com,1,0,0,/pacificpurr/index.html,http,0
0,1,www.geocities.com,1,0,0,/paisleypaws/,http,0
1,1,radzacatz.homestead.com,1,0,0,/,http,0
0,1,www.members.tripod.com,1,0,2,/izshe/,http,0
1,1,www.pawtrixcove.com,1,0,0,,http,0
1,1,www.sunstreamcats.com,1,0,0,/,http,0
1,1,www.ceylon.ws,0,0,0,,http,0
1,1,www.himmikatz.com,1,0,0,/,http,0
0,1,www.geocities.com,1,0,0,/fuzzy_britches1/fuzzybritches.html,http,2
1,1,www.kasiakatz.com,1,0,0,,http,0
1,1,katzcaprice.com,1,0,0,,http,0
1,1,www.ma-liakatz.com,1,0,0,/,http,0
2,1,www.blackriverhimalayans.20m.com,1,0,2,,http,0
2,1,www.ieasysite.com,1,0,0,/sunshinezzz,http,0
1,1,www.catleycrue.com,1,0,0,,http,0
1,1,www.pointedpurrs.com,1,0,0,/,http,0
1,1,www.nymews.com,1,0,0,,http,0
0,1,www.geocities.com,1,0,0,/kitties2luv/,http,0
0,1,www.geocities.com,1,0,0,/angelpawscattery2003/index.html,http,2
0,1,www.geocities.com,1,0,0,/sunnybrookkittens/,http,0
1,1,www.shadenshadow.com,1,0,0,,http,0
1,1,www.furrmine.com,1,0,0,,http,0
1,1,www.silkenrosepersians.com,1,0,0,,http,0
1,1,www.kaydekatz.com,1,0,0,,http,0
0,1,www.geocities.com,1,0,0,/heavenlymews/,http,0
1,1,jentopiacats.com,1,0,0,,http,0
1,1,www.purrs-of-luvcattery.com,1,0,0,,http,0
1,1,www.purfectkittypersians.com,1,0,0,/,http,0
0,1,www.geocities.com,1,0,0,/maxnkoko/index.html,http,0
1,1,www.grovewoodcats.com,1,0,0,/,http,0
1,1,www.lechatpaws.com,1,0,0,/,http,0
1,1,kisancats.com,1,0,0,/,http,0
1,1,www.lakehyco.com,1,0,0,/,http,0
0,1,webpages.charter.net,1,0,0,/sassipurrs/,http,0
1,1,www.co-bridge.com,1,0,0,,http,0
1,1,www.calebcats.com,1,0,0,,http,0
1,1,rumscott.homestead.com,1,0,0,/,http,0
1,1,www.wonderfluf.com,1,0,0,,http,0
2,1,sunshinezzz.ieasysite.com,1,0,0,/,http,0
2,1,www.ozemail.com.au,0,0,2,/~ebunny,http,0
0,1,planeta.terra.com.br,0,0,2,/lazer/gatilmiragem,http,0
1,1,www.blazestar.com.br,0,0,2,/,http,0
1,1,www.himalayan.org,1,0,0,/,http,0
0,1,www.geocities.com,1,0,0,/area51/dreamworld/9882/index.html,http,2
1,1,www.cfainc.org,1,0,0,/breeds/profiles/persian-him.html,http,2
2,1,www.aaceinc.org,1,0,0,/pages/breeds/him.htm,http,0
2,1,p.webring.com,1,0,0,/hub,http,0
1,1,www.cfainc.org,1,0,0,/breeds/profiles/japanese.html,http,0
2,1,www.breedlist.com,1,0,0,/japanese-bobtail-breeders.html,http,2
1,1,www.japanesebobtails.com,1,0,0,/,http,0
1,1,www.cfainc.org,1,0,0,/breeds/profiles/articles/japanese.html,http,2
2,1,www.fanciers.com,1,0,0,/breed-faqs/japanese-bobtail-faq.html,http,2
1,1,www.catchicats.com,1,0,0,/,http,0
1,1,www.kiddlyn.com,1,0,0,/,http,0
0,1,www.angelfire.com,1,0,0,/il3/jakoi/,http,0
1,1,www.sailbourne.com,1,0,0,/,http,0
1,1,www.janipurr.com,1,0,0,/,http,0
0,1,www.geocities.com,1,0,0,/kurisumasu_jbt/,http,0
0,1,members.shaw.ca,1,0,0,/jbobtails/index.htm,http,0
1,1,www.solstans.co.uk,0,0,2,/,http,0
1,1,www.goutokuji.com,1,0,0,/,http,0
1,1,www.samizcats.com,1,0,0,,http,0
0,1,www.uvm.edu,1,0,0,/~video/,http,0
0,1,learn.uvm.edu,1,0,0,/focus/,http,0
0,1,www.uvm.edu,1,0,0,/~gradcoll/,http,0
0,1,www.uvm.edu,1,0,0,/academics/,http,2
0,1,www.uvm.edu,1,0,0,/~histpres,http,0
0,1,www.uvm.edu,1,0,0,/~biomed/,http,0
0,1,www.uvm.edu,1,0,0,/~cnhs/,http,0
0,1,www.bsad.uvm.edu,1,0,2,/,http,0
0,1,www.uvm.edu,1,0,0,/~envprog/,http,0
0,1,www.uvm.edu,1,0,0,/snr/,http,0
0,1,www.uvm.edu,1,0,0,/snr/,http,2
0,1,www.uvm.edu,1,0,0,/snr/,http,2
0,1,www.uvm.edu,1,0,0,/snr/,http,0
0,1,www.uvm.edu,1,0,0,/snr/,http,2
0,1,www.uvm.edu,1,0,0,/snr/,http,2
0,1,www.uvm.edu,1,0,0,/snr/,http,0
0,1,www.uvm.edu,1,0,0,/~dceweb/lane/,http,0
0,1,www.uvm.edu,1,0,0,/~sacon/,http,0
0,1,www.uvm.edu,1,0,0,/~ncow/,http,0
0,1,www.uvm.edu,1,0,0,/events/,http,0
0,1,www.uvm.edu,1,0,0,/~uvmcts/,http,0
0,1,www.uvm.edu,1,0,0,/~fleming/index.php,http,2
0,1,www.uvm.edu,1,0,0,/~jdavison/,http,0
0,1,www.uvm.edu,1,0,0,/~sjc/,http,0
0,1,www.emba.uvm.edu,1,0,2,/~archdeac/,http,0
0,1,www.uvm.edu,1,0,0,/~jleonard/,http,0
0,1,www.emba.uvm.edu,1,0,2,/~read/,http,0
0,1,www.uvm.edu,1,0,0,/~rullrich/first.html,http,0
0,1,www.emba.uvm.edu,1,0,2,/~mirchand/,http,0
0,1,mansfield.emba.uvm.edu,1,0,2,/~douglas/,http,0
0,1,www.emba.uvm.edu,1,0,2,/~rcrouse/,http,0
0,1,www.uvm.edu,1,0,0,/~dbarring/home.html,http,0
0,1,www.emba.uvm.edu,1,0,2,/~dinitz/,http,0
0,1,www.emba.uvm.edu,1,0,2,/~dben/,http,0
0,1,www.emba.uvm.edu,1,0,2,/~burgmeie/,http,0
0,1,www.emba.uvm.edu,1,0,2,/~cooke/,http,0
0,1,www.emba.uvm.edu,1,0,2,/~puterbau/,http,0
0,1,www.emba.uvm.edu,1,0,2,/~wilson/,http,0
0,1,www.uvm.edu,1,0,0,/~dguber/,http,0
0,1,www.emba.uvm.edu,1,0,2,/~snapp/,http,0
0,1,www.uvm.edu,1,0,0,/~hag/personal/,http,0
0,1,www.uvm.edu,1,0,0,/~lizzo/,http,0
0,1,www.uvm.edu,1,0,0,/~der/,http,0
0,1,www.uvm.edu,1,0,0,/~jdion/,http,0
0,1,www.uvm.edu,1,0,0,/~dmatthew/,http,0
0,1,www.uvm.edu,1,0,0,/academics/catalogue2006-07/,http,0
0,1,optimization.asu.edu,1,0,0,/~xue/,http,0
0,1,universitycommunications.uvm.edu,1,0,0,/spring2001/webreleaseonunionpetitionresponse.htm,http,1
2,1,www.unitedacademics.org,1,0,0,/,http,0
0,1,voyager.uvm.edu,1,0,0,/,http,0
0,1,www.uvm.edu,1,0,0,/whale/,http,0
0,1,www.uvm.edu,1,0,0,/~fleming/,http,0
0,1,library.uvm.edu,1,0,0,/,http,0
0,1,library.uvm.edu,1,0,0,/dana/,http,0
0,1,www.uvm.edu,1,0,0,/perkins/,http,0
0,1,www.uvm.edu,1,0,0,/~pmrc/pmrccam.html,http,0
0,1,universitycommunications.uvm.edu,1,0,0,/tour/,http,2
0,1,www.uvm.edu,1,0,0,/~pmrc/sugarcam.html,http,0
0,1,www.uvm.edu,1,0,0,/map/,http,0
0,1,www.uvm.edu,1,0,0,/about_uvm/visiting/,http,2
0,1,www.uvm.edu,1,0,0,/uvmtoday/,http,0
0,1,universitycommunications.uvm.edu,1,0,0,/vq/index.html,http,0
0,1,universitycommunications.uvm.edu,1,0,0,/,http,0
1,1,www.vermontcynic.com,1,0,0,/,http,0
0,1,www.uvm.edu,1,0,0,/~vtconn/,http,0
0,1,www.uvm.edu,1,0,0,/~uvmemu/,http,0
0,1,www.uvm.edu,1,0,0,/~uvmtv/,http,0
0,1,www.uvm.edu,1,0,0,/~wruv/,http,0
0,1,www.uvm.edu,1,0,0,/~aaeo/,http,0
0,1,giraffe.uvm.edu,1,0,0,/~rgweb/,http,0
0,1,reslife.uvm.edu,1,0,0,/,http,0
0,1,www.uvm.edu,1,0,0,/~energy/,http,0
0,1,www.uvm.edu,1,0,0,/~uvmppd/,http,0
0,1,www.uvm.edu,1,0,0,/~cntrllrs/,http,0
0,1,www.uvm.edu,1,0,0,/~ofabweb/,http,0
0,1,www.uvm.edu,1,0,0,/~ugpdept/,http,0
0,1,www.uvm.edu,1,0,0,/~photo/,http,0
0,1,www.uvm.edu,1,0,0,/~catcard/,http,0
0,1,www.uvm.edu,1,0,0,/~plan/,http,0
0,1,www.uvm.edu,1,0,0,/~afsdept/,http,0
0,1,www.uvm.edu,1,0,0,/~uvmhr/,http,0
0,1,www.uvm.edu,1,0,0,/~training/,http,0
0,1,www.uvm.edu,1,0,0,/~sisi/,http,0
0,1,www.uvm.edu,1,0,0,/~purcard/,http,0
0,1,www.uvm.edu,1,0,0,/~arch/,http,0
0,1,www.uvm.edu,1,0,0,/~uvmppd/,http,1
0,1,www.uvm.edu,1,0,0,/~ospuvm/,http,0
0,1,www.uvm.edu,1,0,0,/~oacm/,http,0
0,1,www.uvm.edu,1,0,0,/studentlife/,http,0
0,1,www.uvm.edu,1,0,0,/~clascomp/,http,0
0,1,www.uvm.edu,1,0,0,/~dos/assist/,http,0
0,1,www.uvm.edu,1,0,0,/~juggle/,http,0
0,1,www.uvm.edu,1,0,0,/~uvmopt/,http,0
0,1,debate.uvm.edu,1,0,0,/,http,0
0,1,www.uvm.edu,1,0,0,/~service/,http,0
0,1,www.uvm.edu,1,0,0,/~catfs/,http,0
0,1,www.uvm.edu,1,0,0,/~alco/,http,0
0,1,www.uvm.edu,1,0,0,/sparc/,http,0
0,1,www.uvm.edu,1,0,0,/~uvmwoc/,http,0
0,1,www.uvm.edu,1,0,0,/~outside/,http,0
0,1,www.uvm.edu,1,0,0,/~topcats/,http,0
0,1,www.uvm.edu,1,0,0,/~legal,http,0
0,1,www.uvm.edu,1,0,0,/~rescue/,http,0
1,1,www.uvm.edu,1,0,0,/~hearts/,http,0
0,1,www.uvm.edu,1,0,0,/~boulder/,http,0
0,1,www.uvm.edu,1,0,0,/~skiclub/,http,0
0,1,www.uvm.edu,1,0,0,/greening/,http,0
0,1,www.uvm.edu,1,0,0,/~uvmsga/,http,0
0,1,www.uvm.edu,1,0,0,/~rlweb/ira/,http,0
0,1,www.emba.uvm.edu,1,0,2,/~asem,http,0
0,1,www.emba.uvm.edu,1,0,2,/~asce/,http,0
0,1,www.emba.uvm.edu,1,0,2,/~asme/,http,0
0,1,www.emba.uvm.edu,1,0,2,/~cssa/,http,0
0,1,www.uvm.edu,1,0,0,/~geogclub/,http,0
0,1,www.uvm.edu,1,0,0,/~goodrich/,http,0
0,1,pss.uvm.edu,1,0,0,/hortclub/,http,0
0,1,www.uvm.edu,1,0,0,/~phibeta/,http,0
0,1,universitycommunications.uvm.edu,1,0,0,/fall99releases/webclimbthewalls.htm,http,2
1,1,www.uvmgreeklife.com,1,0,0,/,http,0
1,1,www.agrinvt.org,1,0,0,/,http,0
0,1,www.uvm.edu,1,0,0,/~fiji2,http,0
0,1,www.uvm.edu,1,0,0,/~sigep/,http,0
0,1,www.uvm.edu,1,0,0,/~aphio/,http,0
0,1,www.uvm.edu,1,0,0,/~sigmaphi/home.htm,http,0
0,1,www.uvm.edu,1,0,0,/~uvmaz/,http,0
2,1,uvm.phideltatheta.org,1,0,0,/,http,0
0,1,www.uvm.edu,1,0,0,/~tridelt/,http,0
0,1,www.uvm.edu,1,0,0,/~uvmivcf/,http,0
1,1,www.uvmhillel.org,1,0,0,/,http,0
0,1,www.uvm.edu,1,0,0,/~ohpr/,http,0
0,1,www.uvm.edu,1,0,0,/~helix/,http,0
0,1,www.uvm.edu,1,0,0,/~vlrs/,http,0
0,1,pss.uvm.edu,1,0,0,/dept/hort_farm/,http,0
0,1,www.uvm.edu,1,0,0,/~crvt/,http,0
0,1,crs.uvm.edu,1,0,0,/,http,0
0,1,www.uvm.edu,1,0,0,/~susagctr/,http,0
0,1,www.uvm.edu,1,0,0,/~uvmsbf/,http,0
0,1,www.uvm.edu,1,0,0,/~dmatthew/,http,0
0,1,orchard.uvm.edu,1,0,0,/,http,0
0,1,blood.uvm.edu,1,0,0,/,http,0
0,1,www.uvm.edu,1,0,0,/~uvmchs/,http,0
0,1,www.uvm.edu,1,0,0,/~vtreads/uvmhome.html,http,0
2,1,www.snellingcenter.org,1,0,0,/,http,0
0,1,www.uvm.edu,1,0,0,/~epscor/,http,0
0,1,www.uvm.edu,1,0,0,/~plantbio/,http,2
0,1,www.uvm.edu,1,0,0,/vtaes/,http,0
0,1,www.uvm.edu,1,0,0,/~cdci/,http,0
0,1,cwf.uvm.edu,1,0,0,/cris/,http,0
1,1,www.uvminnovations.com,1,0,0,/,http,0
0,1,www.rcgrd.uvm.edu,1,0,2,/,http,0
2,1,www.dad.state.vt.us,0,0,1,/atp/resource%20links/communication.htm,http,2
0,1,www.uvm.edu,1,0,0,/envnr/vtcfwru/,http,0
0,1,www.uvm.edu,1,0,0,/~envnr/sal/,http,0
0,1,www.uvm.edu,1,0,0,/~compor/,http,0
0,1,www.uvm.edu,1,0,0,/~pmrc/,http,0
1,1,vtspacegrant.org,1,0,0,/,http,0
0,1,www.uvm.edu,1,0,0,/uvmtoday/community.html,http,0
0,1,www.uvm.edu,1,0,0,/~dpelkey/,http,0
0,1,agave.garden.org,1,0,0,/~aaronh/,http,0
0,1,www.uvm.edu,1,0,0,/~learnco/,http,0
0,1,www.uvm.edu,1,0,0,/~police/,http,0
0,1,www.uvm.edu,1,0,0,/~spirit/,http,0
0,1,www.uvm.edu,1,0,0,/~counscen/,http,0
0,1,www.uvm.edu,1,0,0,/~oies/,http,0
0,1,www.uvm.edu,1,0,0,/~women/,http,0
0,1,www.uvm.edu,1,0,0,/~ccpuvm/,http,0
0,1,www.uvm.edu,1,0,0,/~lgbtqa/,http,0
0,1,ctl.uvm.edu,1,0,0,/,http,0
0,1,www.uvm.edu,1,0,0,/health/,http,0
0,1,www.uvm.edu,1,0,0,/~tpswww/,http,0
0,1,uds.uvm.edu,1,0,0,/,http,0
0,1,www.uvm.edu,1,0,0,/~access/,http,0
0,1,www.uvm.edu,1,0,0,/~uvmiac/,http,0
0,1,www.uvm.edu,1,0,0,/~career,http,0
0,1,siri.uvm.edu,1,0,0,/,http,0
0,1,esf.uvm.edu,1,0,0,/,http,0
1,1,www.uvm.edu,1,0,0,/~wrtngctr/,http,0
2,1,www.vermontlaw.edu,1,0,0,/,http,0
1,1,www.vjel.org,1,0,0,,http,0
1,1,www.woodbury-college.edu,1,0,0,/,http,0
0,1,www.gwvirginia.gwu.edu,1,0,2,/,http,0
2,1,www.cdu.edu,1,0,0,/,http,0
2,1,www.umtweb.edu,1,0,0,/,http,0
2,1,www.virginia529.com,1,0,0,/,http,0
2,1,www.uacp.org,1,0,0,,http,0
1,1,www.cordobauniversity.org,1,0,0,/,http,0
0,1,www.artinstitutes.edu,1,0,0,/arlington/,http,0
1,1,www.apprenticeschool.com,1,0,0,,http,0
2,1,www.gobuilders.com,1,0,0,/,http,0
1,1,www.abbc.edu,1,0,0,/,http,0
2,1,www.averett.edu,1,0,0,/,http,0
2,1,www.averettcougars.com,1,0,0,/,http,0
2,1,www.bluefield.edu,1,0,0,/,http,0
2,1,www.bluefield.edu,1,0,0,/templates/system/details.asp,http,1
2,1,www.bridgewater.edu,1,0,0,/,http,0
2,1,www.bridgewater.edu,1,0,0,/athletics,http,0
1,1,christ-college.com,1,0,0,/,http,0
2,1,www.christendom.edu,1,0,0,,http,0
2,1,www.christendom.edu,1,0,0,/athletics/,http,0
2,1,www.cnu.edu,1,0,0,/,http,0
1,1,www.cnubooks.com,1,0,0,/,http,0
0,1,eebweb.arizona.edu,1,0,0,/faculty/hopp/vireo.html,http,0
2,1,www.utahbirds.org,1,0,0,/birdsofutah/birdsl-r/plumbeousvireo.htm,http,2
1,1,www.greglasley.net,1,0,0,/gvireo.html,http,0
0,1,birds.cornell.edu,1,0,0,/bfl/speciesaccts/casvir.html,http,0
0,1,www.mbr-pwrc.usgs.gov,1,0,1,/id/framlst/i6230id.html,http,0
2,1,www.wbu.com,1,0,0,/chipperwoods/photos/revireo.htm,http,0
1,1,www.stanfordalumni.org,1,0,0,/birdsite/text/species/hutton's_vireo.html,http,2
0,1,www.mbr-pwrc.usgs.gov,1,0,1,/id/framlst/i6290id.html,http,0
2,1,faculty.ncwc.edu,1,0,0,/mbrooks/pif/bird%20profiles/whiteeyed_vireo.htm,http,2
2,1,www.arthurgrosset.com,1,0,0,/sabirds/rufous-browed%20peppershrike.html,http,2
2,1,www.arthurgrosset.com,1,0,0,/sabirds/slaty-cappedshrike-vireo.html,http,2
1,1,audubon2.org,1,0,0,/webapp/watchlist/viewspecies.jsp,http,2
0,1,www.mbr-pwrc.usgs.gov,1,0,1,/id/framlst/i6330id.html,http,0
2,1,www.amonline.net.au,0,0,1,/factsheets/silvereye.htm,http,0
1,1,www.kenyabirds.org.uk,0,0,1,/nhs_w_eye.htm,http,0
2,1,www.birdlife.org,1,0,0,/datazone/species/index.html,http,1
2,1,www.nzbirds.com,1,0,0,/birds/tauhou.html,http,0
0,1,en.wikipedia.org,1,0,0,/wiki/estrildid_finch,http,0
0,1,en.wikipedia.org,1,0,0,/wiki/swee_waxbill,http,0
1,1,astorwilliam.tripod.com,1,0,0,/,http,0
0,1,en.wikipedia.org,1,0,0,/wiki/muscicapidae,http,0
2,1,www.naturia.per.sg,0,0,1,/buloh/birds/copsychus_saularis.htm,http,2
2,1,www.birdguides.com,1,0,0,/species/species.asp,http,2
2,1,www.birdguides.com,1,0,0,/species/species.asp,http,2
2,1,www.birdguides.com,1,0,0,/species/species.asp,http,2
2,1,www.birdguides.com,1,0,0,/species/species.asp,http,2
2,1,ibc.hbw.com,1,0,0,/ibc/phtml/familia.phtml,http,2
0,1,en.wikipedia.org,1,0,0,/wiki/pycnonotidae,http,0
2,1,www.naturia.per.sg,0,0,1,/buloh/birds/pycnonotus_goiavier.htm,http,2
2,1,www.birdlife.org,1,0,0,/datazone/species/index.html,http,1
2,1,www.birdlife.org,1,0,0,/datazone/species/index.html,http,1
1,1,www.birdlife.org,1,0,0,/datazone/species/index.html,http,1
1,1,en.wikipedia.org,1,0,0,/wiki/cisticolidae,http,0
2,1,www.naturia.per.sg,0,0,1,/buloh/birds/prinia_flaviventris.htm,http,2
0,1,en.wikipedia.org,1,0,0,/wiki/nectarinidae,http,0
2,1,www.naturia.per.sg,0,0,1,/buloh/birds/nectarina_calcosthetha.htm,http,2
2,1,www.naturia.per.sg,0,0,1,/buloh/birds/nectarina_jugularis.htm,http,2
2,1,home1.gte.net,1,0,0,/dgl1/pelican.html,http,0
2,1,raysweb.net,1,0,0,/specialplaces/pages/pelican.html,http,0
0,1,animaldiversity.ummz.umich.edu,1,0,1,/site/accounts/information/pelecanus_erythrorhynchos.html,http,1
0,1,animaldiversity.ummz.umich.edu,1,0,1,/site/accounts/information/pelecanus_occidentalis.html,http,1
1,1,www.kenyabirds.org.uk,0,0,1,/gw_pelican.htm,http,0
1,1,www.kenyabirds.org.uk,0,0,1,/pb_pelican.htm,http,0
0,1,migratorybirds.fws.gov,1,0,0,/issues/cormorant/greatlakes_q&amp,http,2
0,1,web.tiscali.it,0,0,0,/sv2001/,http,0
2,1,nzbirds.com,1,0,0,/birds/kawau.html,http,0
1,1,www.coldwaterimages.com,1,0,0,/brandt_s_cormorant.html,http,2
1,1,www.kenyabirds.org.uk,0,0,1,/great_cormorant.htm,http,0
1,1,www.kenyabirds.org.uk,0,0,1,/cormorant-lt.htm,http,0
0,1,animaldiversity.ummz.umich.edu,1,0,1,/site/accounts/information/sula_nebouxii.html,http,1
0,1,bioweb.uwlax.edu,1,0,0,/bio203/s2008/kops_aman/,http,0
0,1,www.fws.gov,1,0,0,/midway/mabo.html,http,0
0,1,en.wikipedia.org,1,0,0,/wiki/sula_(bird),http,0
0,1,www.fws.gov,1,0,0,/midway/brbo.html,http,0
0,1,www.fws.gov,1,0,0,/midway/rfbo.html,http,0
2,1,www.nzbirds.com,1,0,0,/birds/takapu.html,http,0
0,1,en.wikipedia.org,1,0,0,/wiki/darter,http,0
1,1,www.kenyabirds.org.uk,0,0,1,/darter.htm,http,0
2,1,ibc.hbw.com,1,0,0,/ibc/phtml/familia.phtml,http,2
2,1,www.thebigzoo.com,1,0,0,/animals/lesser_flamingo.asp,http,0
0,1,www.geocities.com,1,0,0,/flamingo22701/flamingo_mania,http,0
0,1,www.geocities.com,1,0,0,/petsburgh/1975/flamingo.html,http,0
0,1,animaldiversity.ummz.umich.edu,1,0,1,/site/accounts/information/phoenicopterus_ruber.html,http,1
0,1,www.mbr-pwrc.usgs.gov,1,0,1,/id/framlst/i1820id.html,http,0
0,1,animals.about.com,1,0,0,/od/birds/p/greaterflamingo.htm,http,2
0,1,www.stanford.edu,1,0,0,/group/stanfordbirds/text/essays/flamingo_feeding.html,http,1
0,1,bioweb.uwlax.edu,1,0,0,/bio203/s2007/greaney_megh,http,0
1,1,www.kenyabirds.org.uk,0,0,1,/flamingo_g.htm,http,0
1,1,www.kenyabirds.org.uk,0,0,1,/flamingo_l.htm,http,0
0,1,www.bbc.co.uk,0,0,1,/nature/wildfacts/factfiles/3104.shtml,http,2
2,1,www.montereybay.com,1,0,0,/creagrus/woodpeckers.html,http,0
2,1,montereybay.com,1,0,0,/creagrus/barbets.html,http,0
2,1,montereybay.com,1,0,0,/creagrus/asian_barbets.html,http,0
2,1,montereybay.com,1,0,0,/creagrus/african_barbets.html,http,0
0,1,animaldiversity.ummz.umich.edu,1,0,1,/site/accounts/classification/piciformes.html,http,1
2,1,pelotes.jea.com,1,0,0,/animalfact/birds/woodpeck.htm,http,0
1,1,www.kenyabirds.org.uk,0,0,1,/barbet-wh.htm,http,0
1,1,www.kenyabirds.org.uk,0,0,1,/ry_barbet.htm,http,0
2,1,www.honoluluzoo.org,1,0,0,/red_and_yellow_barbet.htm,http,0
1,1,www.kenyabirds.org.uk,0,0,1,/d_barbet.htm,http,0
1,1,www.kenyabirds.org.uk,0,0,1,/tinker-rf.htm,http,0
1,1,www.kenyabirds.org.uk,0,0,1,/nubian_wp.htm,http,0
2,1,www.juliezickefoose.com,1,0,0,/articles/ivory_billed_wp.html,http,2
0,1,www.museum.lsu.edu,1,0,1,/~remsen/ibw.html,http,0
2,1,www.rainforestconservation.org,1,0,0,/data_sheets/birds/cc_woodpecker.html,http,2
0,1,animaldiversity.ummz.umich.edu,1,0,1,/site/accounts/sounds/campephilus_guatemalensis.html,http,1
0,1,www.npr.org,1,0,0,/templates/story/story.php,http,2
0,1,www.sciencemag.org,1,0,0,/cgi/content/abstract/1114103,http,2
2,1,www.corante.com,1,0,0,/loom/archives/2005/04/28/reports_of_my_extinction_are_greatly_exaggerated.php,http,1
0,1,www.nature.org,1,0,0,/ivorybill/,http,0
1,1,www.ivorybill.org,1,0,0,/,http,0
0,1,www.fws.gov,1,0,0,/ivorybill/,http,0
2,1,www.ivorybills.blogspot.com,1,0,2,/,http,0
1,1,www.ibwo.org,1,0,0,/,http,0
1,1,www.ivory-bill-woodpecker.com,1,0,0,/,http,0
0,1,www.birds.cornell.edu,1,0,2,/ivory/,http,0
0,1,web2.uwindsor.ca,1,0,0,/courses/biology/dmennill/ibwo/ibwoindex.php,http,2
2,1,www.avesphoto.com,1,0,0,/website/na/species/flkgil-1.htm,http,2
2,1,www.nenature.com,1,0,0,/northernflicker.htm,http,0
0,1,www.mbr-pwrc.usgs.gov,1,0,1,/id/framlst/i4140id.html,http,0
0,1,www.mbr-pwrc.usgs.gov,1,0,1,/id/framlst/i4050id.html,http,0
2,1,www.mangoverde.com,1,0,0,/birdsound/spec/spec104-167.html,http,2
2,1,www.nenature.com,1,0,0,/pileatedwoodpecker.htm,http,0
1,1,www.pileatedwoodpeckercentral.com,1,0,0,/,http,0
0,1,birds.cornell.edu,1,0,0,/bfl/speciesaccts/lewwoo.html,http,0
2,1,www.focusonnature.com,1,0,0,/puertoricanwoodpecker.htm,http,2
2,1,www.landiss.com,1,0,0,/woodpecker.htm,http,0
0,1,www.mbr-pwrc.usgs.gov,1,0,1,/id/framlst/i4110id.html,http,0
2,1,www.birdphotography.com,1,0,0,/species/giwo.html,http,0
1,1,www.birdsofoklahoma.net,1,0,0,/gfwoodpecker.htm,http,0
2,1,www.arthurgrosset.com,1,0,0,/sabirds/whitewoodpecker.html,http,2
2,1,www.nenature.com,1,0,0,/redheadedwoodpecker.htm,http,0
2,1,www.nenature.com,1,0,0,/redbelliedwoodpecker.htm,http,0
0,1,animaldiversity.ummz.umich.edu,1,0,1,/site/accounts/information/melanerpes_formicivorus.html,http,1
2,1,www.birding.com,1,0,0,/topbirds/572aw.asp,http,0
0,1,www.birds.cornell.edu,1,0,1,/allaboutbirds/birdguide/red-bellied_woodpecker_dtl.html,http,1
0,1,www.birds.cornell.edu,1,0,1,/allaboutbirds/birdguide/red-headed_woodpecker.html,http,1
1,1,www.squirrelhouse.com,1,0,0,/enter/birds/index.html,http,0
0,1,rcwrecovery.fws.gov,1,0,0,/,http,0
2,1,www.wbu.com,1,0,0,/chipperwoods/photos/downy.htm,http,0
0,1,www.mbr-pwrc.usgs.gov,1,0,1,/id/framlst/i3970id.html,http,0
1,1,www.mbr-pwrc.usgs.gov,1,0,1,/id/framlst/i3960id.html,http,0
2,1,www.wbu.com,1,0,0,/chipperwoods/photos/hwood.htm,http,0
0,1,www.mbr-pwrc.usgs.gov,1,0,1,/id/framlst/i3980id.html,http,0
0,1,www.mbr-pwrc.usgs.gov,1,0,1,/id/framlst/i4010id.html,http,0
1,1,www.birdnature.com,1,0,0,/bb3tw.html,http,0
2,1,www.nenature.com,1,0,0,/downywoodpecker.htm,http,0
2,1,www.nenature.com,1,0,0,/hairywoodpecker.htm,http,0
0,1,birds.cornell.edu,1,0,0,/bfl/speciesaccts/ariwoo.html,http,0
0,1,animaldiversity.ummz.umich.edu,1,0,1,/site/accounts/information/picoides_scalaris.html,http,1
1,1,www.woodpeckersofeurope.info,0,0,0,/,http,0
0,1,www.birds.cornell.edu,1,0,1,/allaboutbirds/birdguide/nuttalls_woodpecker_dtl.html,http,1
1,1,biology.mhc.edu,1,0,0,/ybsa/,http,0
0,1,imnh.isu.edu,1,0,0,/digitalatlas/bio/birds/wdpkrs/rnsa/rnsa_mai.htm,http,2
1,1,www.stanfordalumni.org,1,0,0,/birdsite/text/species/red-breasted_sapsucker.html,http,1
2,1,www.birdphotography.com,1,0,0,/species/rbsa.html,http,0
0,1,www.mbr-pwrc.usgs.gov,1,0,1,/id/framlst/i4021id.html,http,0
2,1,www.nenature.com,1,0,0,/yellowbelliedsapsucker.htm,http,0
0,1,imnh.isu.edu,1,0,0,/digitalatlas/bio/birds/wdpkrs/wisa/wisa_mai.htm,http,2
0,1,www.birds.cornell.edu,1,0,1,/allaboutbirds/birdguide/yellow-bellied_sapsucker.html,http,1
0,1,bioweb.uwlax.edu,1,0,0,/bio203/s2008/todd_ange/,http,0
1,1,www.kenyabirds.org.uk,0,0,1,/barb-bt.htm,http,0
1,1,www.kenyabirds.org.uk,0,0,1,/barb-sf.htm,http,0
1,1,www.kenyabirds.org.uk,0,0,1,/barb-rf.htm,http,0
0,1,www.mbr-pwrc.usgs.gov,1,0,1,/id/framlst/i0011id.html,http,0
0,1,www.dnr.state.wi.us,0,0,1,/org/land/er/factsheets/birds/rdnkgr.htm,http,2
2,1,www.nenature.com,1,0,0,/piedbilledgrebe.htm,http,0
0,1,www.npwrc.usgs.gov,1,0,1,/resource/birds/forest/species/podinigr.htm,http,2
0,1,www.npwrc.usgs.gov,1,0,1,/resource/birds/forest/species/podipodi.htm,http,2
2,1,www.neseabirds.com,1,0,0,/sheargreat.htm,http,0
2,1,www.neseabirds.com,1,0,0,/shearcory.htm,http,0
2,1,www.neseabirds.com,1,0,0,/shearwatermanx.htm,http,0
2,1,www.neseabirds.com,1,0,0,/shearwateraudubon.htm,http,0
2,1,www.avesphoto.com,1,0,0,/website/na/species/shwlit-1.htm,http,2
1,1,www.austmus.gov.au,0,0,1,/factsheets/wandering_albatross.htm,http,2
2,1,www.shearwaterjourneys.com,1,0,0,/shyalbatross.html,http,0
2,1,www.neseabirds.com,1,0,0,/stormpwsp.htm,http,0
2,1,www.neseabirds.com,1,0,0,/stormpetrelwf.htm,http,0
1,1,www.seabirding.com,1,0,0,/bpiimage.htm,http,0
2,1,www.oceanwanderers.com,1,0,0,/bermudapet.html,http,0
2,1,www.borealforest.org,1,0,0,/world/birds/short_tailed_shearwater.htm,http,2
2,1,nzbirds.com,1,0,0,/birds/bluepetrel.html,http,0
2,1,www.avesphoto.com,1,0,0,/website/na/species/petbcp-2.htm,http,2
0,1,www.mbr-pwrc.usgs.gov,1,0,1,/id/framlst/i1090id.html,http,0
2,1,www.birdguides.com,1,0,0,/species/species.asp,http,2
2,1,nzbirds.com,1,0,0,/birds/titi.html,http,0
2,1,www.falklandsconservation.com,1,0,0,/wildlife/albatross/black-browed-albatross.html,http,1
2,1,www.falklandsconservation.com,1,0,0,/wildlife/albatross/southern-giant-petrel.html,http,1
2,1,www.falklandsconservation.com,1,0,0,/wildlife/albatross/white-chinned-petrel.html,http,1
1,1,www.parrotsinternational.org,1,0,0,/,http,0
2,1,www.netpets.com,1,0,0,/birds/reference/lafeber/8/incredible_beak.html,http,2
1,1,www.freeparrots.net,1,0,0,,http,0
1,1,hatchedtoflyfree.org,1,0,0,/,http,0
0,1,vtpb-www2.cvm.tamu.edu,1,0,2,/brightsmith/,http,0
1,1,www.cityparrots.org,1,0,0,/,http,0
2,1,www.nzbirds.com,1,0,0,/birds/sulphurcrested.html,http,0
2,1,papagaio2000.sites.uol.com.br,0,0,1,/indexing.htm,http,0
2,1,www.nepa.gov.jm,0,0,1,/yourenv/biodiversity/species/black_billed.htm,http,2
2,1,www.avesphoto.com,1,0,0,/website/na/species/parrcr-1.htm,http,2
2,1,www.oaklandzoo.org,1,0,0,/meet_the_animals/yellow-naped-amazon-parrot*,http,2
2,1,www.greatgreenmacaw.org,1,0,0,/,http,0
1,1,hatchedtoflyfree.homestead.com,1,0,0,/,http,0
2,1,www.bluemacaws.org,1,0,0,/,http,0
2,1,freespace.virgin.net,1,0,0,/susan.armitage/macaws.htm,http,0
1,1,www.macawlanding.org,1,0,0,/,http,0
0,1,vtpb-www2.cvm.tamu.edu,1,0,2,/brightsmith/,http,0
2,1,www.nzbirds.com,1,0,0,/birds/kakarikiyellow.html,http,0
2,1,nzbirds.com,1,0,0,/birds/antipodesparakeet.html,http,0
0,1,animaldiversity.ummz.umich.edu,1,0,1,/site/accounts/information/nestor_notabilis.html,http,1
2,1,www.nzbirds.com,1,0,0,/birds/kea.html,http,0
2,1,nzbirds.com,1,0,0,/birds/kaka.html,http,0
2,1,haryana-online.com,1,0,0,/fauna/birds/alexandrine_parakeet.htm,http,2
2,1,www.birdlife.org,1,0,0,/datazone/species/index.html,http,1
2,1,www.kakapo.net,1,0,0,/,http,0
0,1,en.wikipedia.org,1,0,0,/wiki/kakapo,http,0
2,1,nzbirds.com,1,0,0,/birds/kakapo.html,http,0
1,1,www.kakaporecovery.org.nz,0,0,2,/,http,0
0,1,bioweb.uwlax.edu,1,0,0,/bio203/s2008/runde_sama/,http,0
1,1,www.kenyabirds.org.uk,0,0,1,/parrot-ob.htm,http,0
1,1,www.wingscentral.org,1,0,0,/aps/faqcapes.aspx,http,0
2,1,www.wingscc.com,1,0,0,/aps/poicep.htm,http,0
2,1,www.seabirds.org,1,0,0,/penguins.htm,http,0
2,1,www.penguin.net.nz,0,0,2,/,http,0
2,1,www.bluemoon.net,1,0,0,/~opus/nframe/penguin.html,http,0
2,1,octopus.gma.org,1,0,0,/surfing/antarctica/penguin.html,http,2
2,1,www.antarcticconnection.com,1,0,0,/antarctic/wildlife/penguins/index.shtml,http,2
2,1,www.penguins.cl,0,0,0,/,http,0
1,1,www.falklands.net,1,0,0,/,http,0
2,1,englishnf.pinguins.info,0,0,0,/,http,0
2,1,www.gdargaud.net,1,0,0,/antarctica/penguins.html,http,0
2,1,www.adelie.pwp.blueyonder.co.uk,0,0,1,/,http,0
