Alexa Rank,Brand check,Brand count,Domain,Domain length,Keyword count,Known TLD,Label,Num Subdomains,Other word count,Path,Path length,Protocol,Random domain,Random word count,Raw word count,Similar brand count,Similar keyword count,Subdomain,Subdomain length,URL Length
1,1,0,asesoresvelfit.com,1,0,1,1,0,0,/media/datacredito.co/,1,http,1,2,1,0,0,,1,0
1,1,0,caixa.com.br.fgtsagendesaqueconta.com,1,1,1,1,1,0,/consulta8523211/principal.php,1,http,1,1,1,0,0,caixa.com.br,2,1
1,1,0,hissoulreason.com,1,1,1,1,0,0,/js/homepage/home/,1,http,1,1,1,0,1,,1,0
1,1,0,unauthorizd.newebpage.com,1,1,1,1,0,0,/webapps/66fbf/,1,http,1,1,1,0,0,unauthorizd,2,0
1,1,0,133.130.103.10,2,1,1,1,2,0,/23/,2,http,1,1,1,0,0,,1,0
1,1,1,dj00.co.vu,2,1,0,1,0,0,/css/,2,http,1,1,1,0,1,dj00,0,2
1,1,1,133.130.103.10,2,1,1,1,2,0,/21/logar/,2,http,1,1,1,0,1,,1,0
1,1,1,httpssicredi.esy.es,1,1,0,1,0,0,/servico/sicredi/validarclientes/mobi/index.php,1,http,1,1,1,0,0,httpssicredi,2,2
1,1,1,gamesaty.ga,2,1,0,1,0,0,/wp-content///yh/en/,1,http,1,1,1,0,1,,1,2
1,1,1,luxuryupgradepro.com,1,1,1,1,0,0,/ymailNew/ymailNew/,1,http,1,1,1,0,1,,1,0
1,1,1,133.130.103.10,2,1,1,1,2,0,/1/,2,http,1,1,1,0,1,,1,0
1,1,1,133.130.103.10,2,1,1,1,1,0,/24/sicredi/psmlId/31/paneid/index.htm,1,http,1,1,1,0,0,,1,2
1,1,1,smscaixaacesso.hol.es,1,1,0,1,0,0,,0,http,1,1,0,0,0,smscaixaacesso,2,0
1,1,1,133.130.103.10,2,1,1,1,1,0,/7/SIIBC/siwinCtrl.php,1,http,1,1,1,0,0,,1,0
1,1,1,tinyurl.com,2,1,1,1,0,0,/kjmmw57,2,http,1,1,0,0,0,,1,0
1,1,1,wrightlandscapes.org,1,1,1,1,0,0,/no/T/Y1.html,2,http,1,1,1,0,0,,1,0
1,1,1,mautic.eto-cms.ru,1,1,0,1,0,0,/themes/goldstar/mtbonline/newmandt/,1,http,1,1,1,0,1,mautic,0,2
1,1,1,ginatringali.com,2,1,1,1,0,0,//al/alibaba21012015/alibaba21012015/666/index.html,1,http,1,1,1,0,0,,1,2
1,1,1,staticmail.000webhostapp.com,1,1,1,1,0,0,/,0,https,1,1,0,0,0,staticmail,2,0
1,1,1,umeda.com.br,2,1,0,1,0,0,/bba/BOA/home/,2,http,1,1,1,0,0,,1,0
1,1,1,krishworldwide.com,1,1,1,1,0,0,/BackUp/under/js/ayo1/index.html,1,http,1,1,1,0,0,,1,2
1,1,1,yahoo.co.in,2,1,0,1,0,0,/email_open_log_pic.php,1,http,1,1,1,0,0,,1,1
1,1,1,www.avcc.ac.in,2,1,0,1,1,0,/fonts/1/wropboxp/login.html,1,http,1,1,1,0,0,www,0,0
1,1,1,craig-hallum.ga,2,1,0,1,0,0,/sgg/1/login.htm,1,http,1,1,1,0,0,,1,0
1,1,1,www.verification-mobile-nab.com,1,1,1,1,0,0,/cgi/e8e11a52ed442dc4b327eaa2f19c2521/login/,1,http,1,1,1,0,0,www,0,1
1,1,1,verification-mobile-nab.com,1,1,1,1,0,0,/cgi/e8e11a52ed442dc4b327eaa2f19c2521/login/,1,http,1,1,1,0,0,,1,1
1,1,1,www.justpiddlinboutique.com,1,1,1,1,0,0,/win/image.htm,2,http,1,1,1,0,0,www,0,0
1,1,1,vcsolutionscorp.com,1,1,1,1,0,0,/Block/image.htm,1,http,1,1,1,0,0,,1,0
1,1,1,almasur.com,2,1,1,1,0,0,/wp-includes/pomo/docusign17/,1,http,1,1,1,0,1,,1,0
1,1,1,asesoresvelfit.com,1,1,1,1,0,0,/media/cms/datacredito.co/,1,http,1,1,1,0,0,,1,0
1,1,1,getpeopleplus.com,1,1,1,1,0,0,/EserviceMain/irs/ir/index.html,1,https,1,1,1,0,0,,1,2
1,1,1,taeamigo.com,2,1,1,1,0,0,/EserviceMain/irs/ir/index.html,1,https,1,1,1,0,0,,1,0
1,1,1,elmundo-latino.com,1,1,1,1,0,0,/ir/index.html,2,https,1,1,1,0,0,,1,0
1,1,1,sociopremiosedescontos.com,1,1,1,1,0,0,/cadastro/,2,http,1,1,0,0,0,,1,0
1,1,1,cartaopremiadosicoob.com,1,1,1,1,0,0,,0,http,1,1,0,0,0,,1,0
1,1,1,ms-0ffice365supportplanquota.us.com0203499083934.elegantvapour.co.uk,1,1,0,1,1,0,/0-009021--0203499083934.l3992389100283901233232400349902132443940090132/hotmail.login/client_id=00000002-0000-0ff1-ce00-000000000000&amp;/000-pc.domain/officelogin1.html,1,http,1,1,1,0,0,ms-0ffice365supportplanquota.us.com0203499083934,1,1
1,1,1,www.travrica.com,2,1,1,1,0,0,/ntime/T/Y1.html,1,http,1,1,1,0,0,www,0,0
1,1,1,system-tnc.esy.es,1,1,0,1,0,0,/recovery-chekpoint-login.html,1,http,1,1,1,0,0,system-tnc,2,2
1,1,1,sandralucashyde.org,1,1,1,1,0,0,/login.yahoo/yahoo.com%20[Lastet%20Update]/indexz.html,1,http,1,1,1,0,0,,1,1
1,1,1,alexanderpetricek.com,1,1,1,1,0,0,/EserviceMain/irs/ir/index.html,1,http,1,1,1,0,0,,1,2
1,1,1,di15.co.vu,2,1,0,1,0,0,/css/,2,http,1,1,1,0,1,di15,0,2
1,1,1,sicredisms.ignitiondomain.com,1,1,1,1,0,0,/2017/validarclientes/mobi/index.php,1,http,1,1,1,0,0,sicredisms,2,2
1,1,1,rajspaces.com,2,1,1,1,0,0,/EserviceDLAcct/irs/ir/index.html,1,https,1,1,1,0,0,,1,2
1,1,1,fb-systemapps.esy.es,1,1,0,1,0,0,/recovery-chekpoint-login.html,1,http,1,1,1,0,0,fb-systemapps,2,2
1,1,1,signin-activitysupport.helpcenter-supportfraudsignin.com,1,1,1,1,0,0,/mpp/signin/f341/,1,https,1,1,1,0,0,signin-activitysupport,1,1
1,1,1,www.citadelchurchjax.com,1,1,1,1,0,0,/wp-admin/validateowa/owa/WebAdmin/Outlook%20Web%20App.htm,1,http,1,1,1,0,0,www,0,1
1,1,1,pradochaui.com.br,1,1,0,1,0,0,/criptografado1/index1.php,1,http,1,1,1,0,0,,1,0
1,1,1,simnokomun.lt,2,1,0,1,0,0,/upload/omo/newgd2/newgd/moole/index.php,1,http,1,1,1,0,0,,1,2
1,1,1,di11.co.vu,2,1,0,1,0,0,/css/,2,http,1,1,1,0,1,di11,0,2
1,1,1,www.alligator.site,1,1,0,1,0,0,/wp-content/wall/gallary/fin/,1,http,1,1,1,0,1,www,0,2
1,1,1,tinyurl.com,2,1,1,1,0,0,/le5tcvf,2,http,1,1,0,0,0,,1,0
1,1,1,tinyurl.com,2,1,1,1,0,0,/ll59xhm,2,http,1,1,0,0,0,,1,0
1,1,1,tr.im,0,1,0,1,0,0,/1e0rQ,2,https,1,1,0,0,0,,1,0
1,1,1,www.gommetermiche.it,1,1,0,1,0,0,/administrator/modules/auth.att.secure/login.htm,1,https,1,1,1,0,0,www,0,1
1,1,1,indonesianwonderagate.com,1,1,1,1,0,0,/zee/validate.htm,1,http,1,1,1,0,0,,1,1
1,1,1,tinyurl.com,2,1,1,1,0,0,/ll59xhm,2,http,1,1,0,0,0,,1,0
1,1,1,consultafgts.esy.es,1,1,0,1,0,0,/home,2,http,1,1,1,0,0,consultafgts,2,0
1,1,1,www.ultrakoz.com,2,1,1,1,0,0,/uploads/files/reloadedatt.net.html,1,http,1,1,1,0,0,www,0,2
1,1,1,www.blackabba.com,1,1,1,1,0,0,/sign-on/yahoo/Y1.html,1,http,1,1,1,0,0,www,0,0
1,1,1,carretroller.com.br,1,1,0,1,0,0,/sss/image.htm,2,http,1,1,1,0,0,,1,0
1,1,1,www.mamujutengahkab.go.id,1,1,0,1,1,0,/terasconfig/www.att.net/,1,https,1,1,1,0,0,www,0,2
1,1,1,sandralucashyde.org,1,1,1,1,0,0,/login.yahoo/yahoo.com%20[Lastet%20Update]/indexz.html,1,http,1,1,1,0,0,,1,1
1,1,1,extratoinativos.com,1,1,1,1,0,0,/Inativos/,2,http,1,1,0,0,0,,1,0
1,1,1,consultar-fgts.com,1,1,1,1,0,0,/1index.php,2,http,1,1,1,0,0,,1,0
1,1,1,portal-consultafgts.com,1,1,1,1,0,0,/caixa.gov.br/pages/inter/index.php,1,http,1,1,1,0,0,,1,2
1,1,1,ni1232966-3.web20.nitrado.hosting,1,1,0,1,2,0,/finance/fnce/,2,http,1,1,1,0,0,ni1232966-3.web20,1,2
1,1,1,fgtsliberacao.com,1,1,1,1,0,0,/processa.php,2,http,1,1,1,0,0,,1,0
1,1,1,jokextreme.com,2,1,1,1,0,0,/irs.return/Payment%20Lookup.html,1,https,1,1,1,0,0,,1,2
1,1,1,fb-safetyhelp.esy.es,1,1,0,1,0,0,/recovery-chekpoint-login.html,1,http,1,1,1,0,0,fb-safetyhelp,2,2
1,1,1,fb-securitypolicy101inc.esy.es,1,1,0,1,0,0,/recovery-chekpoint-login.html,1,http,1,1,1,0,0,fb-securitypolicy101inc,1,2
1,1,1,fb-securityaccountlogincheck808.esy.es,1,1,0,1,0,0,/recovery-chekpoint-login.html,1,http,1,1,1,0,0,fb-securityaccountlogincheck808,1,2
1,1,1,laghaimrevolution.com,1,1,1,1,0,0,/sign-on/yahoo/Y1.html,1,http,1,1,1,0,0,,1,0
1,1,1,settings-acct024631.esy.es,1,1,0,1,0,0,/recovery-chekpoint-login.html,1,http,1,1,1,0,0,settings-acct024631,1,2
1,1,1,horizongarments.com,1,1,1,1,0,0,/Asher/image.htm,1,http,1,1,1,0,0,,1,0
1,1,1,shittyurl.org,2,1,1,1,0,0,/5u,2,http,1,1,0,0,0,,1,0
1,1,1,ni1232966-4.web16.nitrado.hosting,1,1,0,1,2,0,/ye/cmbr/,2,http,1,1,1,0,0,ni1232966-4.web16,1,0
1,1,1,system-support-il.hol.es,1,1,0,1,0,0,/facebook-security,1,http,1,1,1,0,0,system-support-il,1,0
1,1,1,ow.ly,0,1,0,1,0,0,/IIzC30bBG3c,2,http,1,1,0,0,0,,1,0
1,1,1,caixaservicosonline.epizy.com,1,1,1,1,0,0,,0,http,1,1,0,0,0,caixaservicosonline,1,0
1,1,1,sandralucashyde.org,1,1,1,1,0,0,/login.yahoo/yahoo.com%20%5BLastet%20Update%5D/indexz.html,1,http,1,1,1,0,0,,1,1
1,1,1,anniey06l5.myjino.ru,1,1,0,1,0,0,/byte/Cookies/Cookies/Pelewura/onlineverifica@tion/Preview.htm,1,http,1,1,1,0,0,anniey06l5,2,1
1,1,1,www.supportt-team.com,1,1,1,1,0,0,/Confirmed/MyAccount/,1,http,1,1,1,0,0,www,0,0
1,1,1,forms.zohopublic.com,1,1,1,1,0,0,/koogee/form/ACTIVATIONFORM/formperma/g51Bb2g53DaChBA4be0h2kCA_,1,https,1,1,1,0,0,forms,0,1
1,1,1,www.surveybuilder.com,1,1,1,1,0,0,/s/oFh4R/nav,2,https,1,1,1,0,0,www,0,0
1,1,1,a.doko.moe,2,1,0,1,0,0,/vschbi.html,2,https,1,1,1,0,0,a,0,0
1,1,1,forms.zohopublic.com,1,1,1,1,0,0,/foolieax/form/VERIFICATIONFROM/formperma/hg_466jHhCK6_6D61K5AC9eA4,1,https,1,1,1,0,0,forms,0,1
1,1,1,muththamizh.com,2,1,1,1,0,0,/llc/production-llc/,1,http,1,1,1,0,0,,1,0
1,1,1,cortazarurdaneta.com,1,1,1,1,0,0,/chn/5adfd99cf03b06771d81f8b5607f1d7e/,1,http,1,1,1,0,0,,1,2
1,1,1,chasebankusa.paradisepaymentgold.com,1,1,1,1,0,0,/verification/M2908D716C8M54904AC8/card.php,1,http,1,1,1,0,0,chasebankusa,2,1
1,1,1,briut.fruitfuldemo.com,1,1,1,1,0,0,/,0,http,1,1,0,0,0,briut,0,0
1,1,1,afraniorodriguezrosero.com,1,1,1,1,0,0,/wp-admin/themes/pdf/,1,http,1,1,1,0,0,,1,2
1,1,1,recovery-account-fb.hol.es,1,1,0,1,0,0,/facebook-support,1,http,1,1,1,0,0,recovery-account-fb,1,1
1,1,1,verification-members.net,1,1,1,1,0,0,/webapps/3db39/,1,https,1,1,1,0,0,,1,0
1,1,1,rajspaces.com,2,1,1,1,0,0,/upload/EserviceDLAcct/irs/ir/index.html,1,https,1,1,1,0,0,,1,2
1,1,1,promocao-sicoob.cf,1,1,0,1,0,0,,0,http,1,1,0,0,1,,1,0
1,1,1,secure-fbpages-notification.com,1,1,1,1,0,0,/,0,https,1,1,1,0,0,,1,0
1,1,1,olcmeapp.com,2,1,1,1,0,0,/mko/image.htm,2,https,1,1,1,0,0,,1,0
1,1,1,support-110048480a.esy.es,1,1,0,1,0,0,/security.page/,1,http,1,1,1,0,0,support-110048480a,1,0
1,1,1,lesaventuriersvoyageurs.com,1,1,1,1,0,0,/js/paypal-account-confirm,1,http,1,1,1,0,1,,1,2
1,1,1,restauracjagreenpepper.pl,1,1,0,1,0,0,//payment/payment/index.php,1,http,1,1,1,0,0,,1,2
1,1,1,scs-network.com,2,1,1,1,0,0,/umpi/eba.html,2,http,1,1,1,0,0,,1,0
1,1,1,redux.news,2,1,0,1,0,0,/chase/update/,2,https,1,1,1,0,0,,1,0
1,1,1,cmfidouala.org,2,1,1,1,0,0,/jsdhkjhjdf/cgi-bin/image.htm,1,http,1,1,1,0,0,,1,0
1,1,1,olcmeapp.com,2,1,1,1,0,0,/lol/image.htm,2,https,1,1,1,0,0,,1,0
1,1,1,livewellprojects.com,1,1,1,1,0,0,/bay/T/Y1.html,2,http,1,1,1,0,0,,1,0
1,1,1,attnethelp.webnode.com,1,1,1,1,0,0,,0,http,1,1,0,0,0,attnethelp,2,0
1,1,1,tinyurl.com,2,1,1,1,0,0,/kvuukxs,2,https,1,1,0,0,0,,1,0
1,1,1,ridinghouseindia.com,1,1,1,1,0,0,/ywhl/Y%20index.html,1,http,1,1,1,0,0,,1,0
1,1,1,amethystia.com,2,1,1,1,0,0,/T/Y1.html,2,http,1,1,1,0,0,,1,0
1,1,1,paialowereasterncherokeenationsc.com,1,1,1,1,0,0,/aaaaa/login.htm,1,http,1,1,1,0,0,,1,2
1,1,1,cover-acct06437.esy.es,1,1,0,1,0,0,/recovery-chekpoint-login.html,1,http,1,1,1,0,0,cover-acct06437,2,2
1,1,1,www.aharsntenetsrelsioncustomizedia.com,1,1,1,1,0,0,/domain/indexx.htm,1,http,1,1,1,0,0,www,0,2
1,1,1,safety-acct-003342.esy.es,1,1,0,1,0,0,/recovery-chekpoint-login.html,1,http,1,1,1,0,0,safety-acct-003342,1,2
1,1,1,dressesmela.com,2,1,1,1,0,0,//kmd/image.htm,1,http,1,1,1,0,0,,1,0
1,1,1,www.sicredisic.com.br,1,1,0,1,2,0,,0,http,1,1,1,0,0,www,0,0
1,1,1,31.220.111.56,2,1,1,1,2,0,/asdq12/,2,http,1,1,1,0,0,,1,0
1,1,1,kuswanto.co.id,2,1,0,1,0,0,/wp-includes/cs/Indexxatt.htm,1,http,1,1,1,0,0,,1,0
1,1,1,formcrafts.com,2,1,1,1,0,0,/a/valaccount,2,https,1,1,1,0,0,,1,0
1,1,1,mattewfisher1.000webhostapp.com,1,1,1,1,0,0,/sal/YAH%21%21./ya2/index.php,1,https,1,1,1,0,0,mattewfisher1,2,2
1,1,1,www.singandvoice.com,1,1,1,1,0,0,/10405.php,2,http,1,1,1,0,0,www,0,0
1,1,1,www.sententia.com.ar,1,1,0,1,2,0,/PayPal/get_started/,1,http,1,1,1,0,0,www,0,0
1,1,1,149.56.201.163,2,1,1,1,2,0,/nis-card/,2,http,1,1,1,0,0,,1,0
1,1,1,web-designing-india.org,1,1,1,1,0,0,/dpbx/dpbx/index.php,1,http,1,1,1,0,0,,1,0
1,1,1,54.157.20.99,2,1,1,1,1,0,/principal.php,2,http,1,1,1,0,0,,1,0
1,1,1,www.sea.com.sa,2,1,0,1,1,0,/images/filetypes/bankofamericam.com.8789373899383mins.rmsmrr/index,1,http,1,1,1,0,0,www,0,1
1,1,1,zogheb.com,2,1,1,1,0,0,/tooo/index_1.html,1,http,1,1,1,0,0,,1,0
1,1,1,fgtscontasinativas.online,1,1,0,1,0,0,/home,2,http,1,1,0,0,0,,1,0
1,1,1,consultasinvativasfgts.com,1,1,1,1,0,0,/processa.php,2,http,1,1,1,0,0,,1,0
1,1,1,extratofgtsonline.com,1,1,1,1,0,0,/1index.php,2,http,1,1,1,0,0,,1,0
1,1,1,store2.apple.ch.email-forwarding.webstore.websis.info,1,1,0,1,1,0,/sp/79900b0f5b721ddb89396e71eb7fad41/infos.html,1,http,1,1,1,0,0,store2.apple.ch.email-forwarding.webstore,1,1
1,1,1,www.citadelchurchjax.com,1,1,1,1,0,0,/wp-admin/data/owa/WebAdmin/Outlook%20Web%20App.htm,1,http,1,1,1,0,0,www,0,1
1,1,1,peloclub.com,2,1,1,1,0,0,/onlinepdffiles/Adobe/Adobe/property/adobe/index.html,1,http,1,1,1,0,0,,1,2
1,1,1,www.innovi.cc,2,1,0,1,0,0,/tos/script/mail.htm,1,https,1,1,1,0,0,www,0,1
1,1,1,www.momsweetmoms.com,1,1,1,1,0,0,/demo2/Dropbox/Dropbox/,1,http,1,1,1,0,0,www,0,0
1,1,1,www.samanesang.com,1,1,1,1,0,0,/wp-content/themes/PDF/PDF/login.htm,1,http,1,1,1,0,0,www,0,2
1,1,1,store2.apple.ch.email-forwarding.webstore.websis.info,1,1,0,1,1,0,/de/,2,http,1,1,1,0,0,store2.apple.ch.email-forwarding.webstore,1,2
1,1,1,suisscards-ch.elecapponline.net,1,1,1,1,0,0,/ch-de/suisse/,2,http,1,1,1,0,0,suisscards-ch,2,0
1,1,1,store2.apple.ch.email-forwarding.webstore.websis.info,1,1,0,1,1,0,/sp/,2,http,1,1,1,0,0,store2.apple.ch.email-forwarding.webstore,1,2
1,1,1,asa-direct.ru,2,1,0,1,0,0,/bitrix/updates/servi/fr/doss/,1,http,1,1,1,0,1,,1,0
1,1,1,pascasarjana.uniba-bpn.ac.id,1,1,0,1,1,0,/administrator/components/com_joomlaupdate/redire.html,1,http,1,1,1,0,0,pascasarjana,2,1
1,1,1,hb.redllink.com,2,1,1,1,0,0,/.ars/empresas/login.htm,1,http,1,1,1,0,0,hb,0,0
1,1,1,hb.redllink.com,2,1,1,1,0,0,/.ars/empresas/login.htm,1,http,1,1,1,0,0,hb,0,2
1,1,1,xenangdaiduong.com.vn,1,1,0,1,0,0,/wp-config/Sign/,1,http,1,1,1,0,1,,1,0
1,1,1,tizianabeauty.ch,2,1,0,1,0,0,/wp-content/plugins/Manage/ar4d65/checking/check/Support/ID-NUMB389/myaccount/signin/,1,http,1,1,1,0,0,,1,1
1,1,1,zemindar.lt,2,1,0,1,0,0,/wp-content/languages/dpbx/index.php,1,http,1,1,1,0,0,,1,2
1,1,1,www.crielv.com.br,1,1,0,1,1,0,/images/start2.php,1,http,1,1,1,0,0,www,0,0
1,1,1,www.sagittariusglobal.com,1,1,1,1,0,0,//portal/cache/Cielo/ambiente-seguro.php,1,http,1,1,1,0,0,www,0,2
1,1,1,www.sagittariusglobal.com,1,1,1,1,0,0,//portal/cache/Cielo/index.html,1,http,1,1,1,0,0,www,0,2
1,1,1,goo.gl,0,1,0,1,0,0,/MMT7sp,2,https,1,1,0,0,0,,1,0
1,1,1,abuv.com.br,2,1,0,1,0,0,/cliente.conectado40/atendimento_pessoa_fisica/criptografado/index1.php,1,http,1,1,1,0,0,,1,1
1,1,1,voetudoazul.serveuser.com,1,1,1,1,0,0,/tudoazul/cadastre.php,1,http,1,1,1,0,0,voetudoazul,2,2
1,1,1,www.rustmaster.com.br,1,1,0,1,1,0,/ml/next1.php,2,https,1,1,1,0,0,www,0,0
1,1,1,www.rustmaster.com.br,1,1,0,1,2,0,/ml/,2,https,1,1,1,0,1,www,0,0
1,1,1,30horasdigital.myvnc.com,1,1,1,1,0,0,/30horasdigitalmodulodesegurancafeitoparavoce/,1,http,1,1,1,0,0,30horasdigital,2,1
1,1,1,i-house.se,2,1,0,1,0,0,/wp-trackback/en/,1,http,1,1,1,0,0,,1,1
1,1,1,prayogispl.in,2,1,0,1,0,0,/elisnow/ymail.html,1,http,1,1,1,0,0,,1,0
1,1,1,zdcp.org,0,1,1,1,0,0,/iiii/feedback/login.alibaba.com/login.html,1,http,1,1,1,0,0,,1,2
1,1,1,celebrapack.com,2,1,1,1,0,0,/dhnl/DHL/DHL/,2,http,1,1,1,0,0,,1,0
1,1,1,www.hyperbay.net,2,1,1,1,0,0,/merchants/controller/tool/www.alibaba.com/alibaba/trade.php,1,http,1,1,1,0,0,www,0,1
1,1,1,thehotelmanagment.com,1,1,1,1,0,0,/Prime/,2,http,1,1,0,0,0,,1,0
1,1,1,binary-project.com,1,1,1,1,0,0,/cha/chase/home/action.php,1,https,1,1,1,0,0,,1,0
1,1,1,abuv.com.br,2,1,0,1,0,0,/cliente.conectado33/atendimento_pessoa_fisica/criptografado/index1.php,1,http,1,1,1,0,0,,1,1
1,1,1,cover-acct09964.esy.es,1,1,0,1,0,0,/recovery-chekpoint-login.html,1,http,1,1,1,0,0,cover-acct09964,2,2
1,1,1,academica.pt,2,1,0,1,0,0,/U/mail.htm,2,http,1,1,1,0,0,,1,0
1,1,1,kalempong-fb01.esy.es,1,1,0,1,0,0,/recovery-chekpoint-login.html,1,http,1,1,1,0,0,kalempong-fb01,2,2
1,1,1,dujanapublicschool.com,1,1,1,1,0,0,/b/WellsLINK/WellsLINK/WellsLINK/WellsLINK/WellsLINK/WellsLINK/WellsLINK/WellsLINK/WellsLINK/WellsLINK/WellsLINK/WellsLINK/index.html,1,http,1,1,1,0,0,,1,1
1,1,1,abuv.com.br,2,1,0,1,0,0,/cliente.conectado1/atendimento_pessoa_fisica/criptografado/index1.php,1,http,1,1,1,0,0,,1,1
1,1,1,paialowereasterncherokeenationsc.com,1,1,1,1,0,0,/aaaaa/login.htm,1,http,1,1,1,0,0,,1,2
1,1,1,abuv.com.br,2,1,0,1,0,0,/1cliente.conectado.jw1/atendimento_pessoa_fisica/criptografado/index1.php,1,http,1,1,1,0,0,,1,1
1,1,1,34.201.92.123,2,1,1,1,1,0,/indisponivel.php,1,http,1,1,1,0,0,,1,0
1,1,1,149.56.144.216,2,1,1,1,1,0,/processa.php,2,http,1,1,1,0,0,,1,0
1,1,1,jose200495fgts.com,1,1,1,1,0,0,/processa.php,2,http,1,1,1,0,0,,1,0
1,1,1,34.224.68.176,2,1,1,1,1,0,/principal.php,2,http,1,1,1,0,0,,1,0
1,1,1,consultasaldossl.com,1,1,1,1,0,0,,0,http,1,1,0,0,0,,1,0
1,1,1,meusaldos.com,2,1,1,1,0,0,,0,http,1,1,0,0,0,,1,0
1,1,1,fgts-mobile.com,2,1,1,1,0,0,/processa.php,2,http,1,1,1,0,0,,1,0
1,1,1,fgts.mobi,0,1,0,1,0,0,/processa.php,2,http,1,1,1,0,0,,1,0
1,1,1,aolonlineservices.cba.pl,1,1,0,1,0,0,/chase.php,2,http,1,1,1,0,0,aolonlineservices,1,0
1,1,1,caixa.extratofgtsliberados2017.com,1,1,1,1,0,0,/consulta8647454/principal.php,1,http,1,1,1,0,0,caixa,0,2
1,1,1,webmailupgrade-001-site1.itempurl.com,1,1,1,1,0,0,/webmaster-secure/owa/confirm.php,1,http,1,1,1,0,0,webmailupgrade-001-site1,1,1
1,1,1,scs-network.com,2,1,1,1,0,0,/umpi/dba.html,2,http,1,1,1,0,0,,1,0
1,1,1,shittyurl.org,2,1,1,1,0,0,/5q,2,http,1,1,0,0,0,,1,0
1,1,1,ronin.com.pk,2,1,0,1,0,0,/hnm/logintoyahoomail.htm,1,http,1,1,1,0,0,,1,0
1,1,1,raik.hub-web.com,2,1,1,1,0,0,/proccesing-fbaccountss/login.php,1,http,1,1,1,0,0,raik,0,2
1,1,1,provoliprints.gr,2,1,0,1,0,0,/001/update.html,1,http,1,1,1,0,0,,1,0
1,1,1,service-info-dk.hol.es,1,1,0,1,0,0,/facebook-confirmation,1,http,1,1,1,0,1,service-info-dk,2,0
1,1,1,www.goepsa.com,2,1,1,1,0,0,/Old%20Files/yahoo/IDCHECK.html,1,http,1,1,1,0,0,www,0,0
1,1,1,tinyurl.com,2,1,1,1,0,0,/kbvf6qz,2,http,1,1,0,0,0,,1,0
1,1,1,dh16.co.vu,2,1,0,1,0,0,/css//,2,http,1,1,1,0,1,dh16,0,2
1,1,1,kontuit-fb01.esy.es,1,1,0,1,0,0,/recovery-chekpoint-login.html,1,http,1,1,1,0,0,kontuit-fb01,2,2
1,1,1,hunmumu.com,2,1,1,1,0,0,/str/Ma/,2,http,1,1,1,0,0,,1,0
1,1,1,ctrl4enviro.com,2,1,1,1,0,0,/wp-includes/SimplePie/Content/Type/Caption/Pelewura/onlineverifica@tion/Preview.htm,1,http,1,1,1,0,0,,1,1
1,1,1,wwp-cartasi-titoari-portale-sicreuzza-2017.dynamic-dns.net,1,1,1,1,0,0,/gtwpage1e10/index-jsp.html,1,http,1,1,1,0,0,wwp-cartasi-titoari-portale-sicreuzza-2017,1,1
1,1,1,communitysicurezza.3mitalia.it,1,1,0,1,0,0,/iTunesConnecto.store/WebObjects/common/update.woa/app/registre/index.php,1,http,1,1,1,0,0,communitysicurezza,1,1
1,1,1,kustomfloordesigns.com,1,1,1,1,0,0,/doc!/index.php,1,http,1,1,1,0,0,,1,0
1,1,1,www.goepsa.com,2,1,1,1,0,0,/Old%20Files/opt/doneall.html,1,http,1,1,1,0,0,www,0,0
1,1,1,citydesignerweb.com,1,1,1,1,0,0,/mmm/rain.php,2,http,1,1,1,0,0,,1,0
1,1,1,www.goepsa.com,2,1,1,1,0,0,/Old%20Files/yahoo/IDCHECK.html,1,http,1,1,1,0,0,www,0,0
1,1,1,tinyurl.com,2,1,1,1,0,0,/mt87qw3,2,http,1,1,0,0,0,,1,0
1,1,1,stikliniekadarbnica.lv,1,1,0,1,0,0,/zrichieattnii/attiinnddeexx.php,1,http,1,1,1,0,0,,1,2
1,1,1,caixa.consultafgtsinativoliberado2017.com,1,1,1,1,0,0,/consulta4023542/indisponivel.php,1,http,1,1,1,0,0,caixa,0,1
1,1,1,sicoob-card.com,2,1,1,1,0,0,/2017/,2,http,1,1,1,0,0,,1,0
1,1,1,bit.ly,0,1,0,1,0,0,/2pWteUy,2,http,1,1,0,0,0,,1,0
1,1,1,bit.ly,0,1,0,1,0,0,/2qkCl2Y,2,http,1,1,0,0,0,,1,0
1,1,1,communicatewithsh.com,1,1,1,1,0,0,/shellnor/mttkl3.com/2650/1survey/,1,http,1,1,1,0,0,,1,2
1,1,1,unifr-ch.weebly.com,1,1,1,1,0,0,/,0,http,1,1,1,0,0,unifr-ch,0,0
1,1,1,formcrafts.com,2,1,1,1,0,0,/a/27508,2,https,1,1,1,0,0,,1,0
1,1,1,www.giftmorden.com,1,1,1,1,0,0,/a1/crypt/index.html,1,http,1,1,1,0,0,www,0,0
1,1,1,snspsladwa.org,2,1,1,1,0,0,/googledrive/GDocHistory/e5252c7fc60f2701c2555c99694aca59/,1,https,1,1,1,0,0,,1,1
1,1,1,outlookmaintenace.urest.org,1,1,1,1,0,0,/,0,http,1,1,0,0,0,outlookmaintenace,1,0
1,1,1,viewerpdf.com,2,1,1,1,0,0,/098876665/verification.php,1,http,1,1,1,0,0,,1,1
1,1,1,www.herbertundschnipsi.de,1,1,1,1,0,0,/fgts/indisponivel.php,1,http,1,1,1,0,0,www,0,2
1,1,1,servicossociaiscaixa.com.br,1,1,0,1,0,0,,0,http,1,1,0,0,0,,1,0
1,1,1,karuniabinainsani-16.co.id,1,1,0,1,0,0,/wp-includes/dev24/home/confirm.php,1,http,1,1,1,0,0,,1,2
1,1,1,violattions-notifications-seresa.esy.es,1,1,0,1,0,0,/confirmations/index.html,1,http,1,1,1,0,0,violattions-notifications-seresa,1,2
1,1,1,recover-acct5487.esy.es,1,1,0,1,0,0,/recovery-chekpoint-login.html,1,http,1,1,1,0,0,recover-acct5487,2,2
1,1,1,bit.ly,0,1,0,1,0,0,/2pgU0ne,2,http,1,1,0,0,0,,1,0
1,1,1,skafs.ca,0,1,1,1,0,0,/Wealthsecuredhelp/ivxn/home/,1,http,1,1,1,0,0,,1,0
1,1,1,scs-network.com,2,1,1,1,0,0,/kem/aba.html,2,http,1,1,1,0,0,,1,0
1,1,1,anuragjewellery.com,1,1,1,1,0,0,/upd_CH_as/2bc34fe40102b33bffca0b8a38f2b4e7/,1,https,1,1,1,0,0,,1,2
1,1,1,nnconsultoria.com.br,1,1,0,1,0,0,/Atendimento.Pessoa.Fisica82/atendimento_pessoa_fisica/criptografado/index1.php,1,http,1,1,1,0,0,,1,1
1,1,1,anuragjewellery.com,1,1,1,1,0,0,/upd_CH_as/index.php,1,https,1,1,1,0,0,,1,0
1,1,1,safety-check-739210.esy.es,1,1,0,1,0,0,/index.html,2,http,1,1,1,0,0,safety-check-739210,1,0
1,1,1,ellimanestate.executeart.in,1,1,0,1,0,0,/$%25%23&%25*/,2,http,1,1,1,0,0,ellimanestate,2,0
1,1,1,bit.ly,0,1,0,1,0,0,/2qpbHFX,2,http,1,1,0,0,0,,1,0
1,1,1,netibesanta.esy.es,1,1,0,1,0,0,/www/,2,http,1,1,1,0,0,netibesanta,2,0
1,1,1,netibesanta.esy.es,1,1,0,1,0,0,/,0,http,1,1,0,0,0,netibesanta,2,0
1,1,1,nnconsultoria.com.br,1,1,0,1,0,0,/Atendimento.Pessoa.Fisica13/atendimento_pessoa_fisica/criptografado/index1.php,1,http,1,1,1,0,0,,1,1
1,1,1,fgts-inativados.com,1,1,1,1,0,0,/vXs3P4pta6/pages/inter/index.php,1,http,1,1,1,0,0,,1,2
1,1,1,it-maintenance.tripod.com,1,1,1,1,0,0,/,0,http,1,1,1,0,0,it-maintenance,2,0
1,1,1,consultacontasinativa.com,1,1,1,1,0,0,/gov/processa.php,1,http,1,1,1,0,0,,1,0
1,1,1,extratoinativo.com,1,1,1,1,0,0,/inativos/,2,http,1,1,0,0,0,,1,0
1,1,1,unimore.gr,2,1,0,1,0,0,/shay/work/page/zip/secure/12120521a7245f21cec4ea331e4498b7/,1,http,1,1,1,0,0,,1,1
1,1,1,security-update-center.serverlux.me,1,1,0,1,0,0,/signin/,2,https,1,1,1,0,0,security-update-center,1,2
1,1,1,webmupgrde060517.tripod.com,1,1,1,1,0,0,/,0,http,1,1,0,0,0,webmupgrde060517,2,0
1,1,1,www.neymo.org,2,1,1,1,0,0,/joomla/edu/zi.htm,1,http,1,1,1,0,0,www,0,0
1,1,1,nnconsultoria.com.br,1,1,0,1,0,0,/Atendimento.Pessoa.Fisica23/atendimento_pessoa_fisica/criptografado/index1.php,1,http,1,1,1,0,0,,1,1
1,1,1,nnconsultoria.com.br,1,1,0,1,0,0,/Atendimento.Pessoa.Fisica26/atendimento_pessoa_fisica/criptografado/index1.php,1,http,1,1,1,0,0,,1,1
1,1,1,loogin-recovery-account87.esy.es,1,1,0,1,0,0,/confirmation/,2,http,1,1,1,0,0,loogin-recovery-account87,1,0
1,1,1,roadfitterapparel.com,1,1,1,1,0,0,/uploads/coco/zi.htm,1,http,1,1,1,0,0,,1,0
1,1,1,hydracsa.com,2,1,1,1,0,0,/po/io/index.html,1,http,1,1,1,0,0,,1,0
1,1,1,loogin-facebook-safety.esy.es,1,1,0,1,0,0,/confirmation/,2,http,1,1,1,0,0,loogin-facebook-safety,1,0
1,1,1,service-info-il.hol.es,1,1,0,1,0,0,/log1.php,2,http,1,1,1,0,0,service-info-il,2,0
1,1,1,service-info-il.hol.es,1,1,0,1,0,0,/facebook-confirmation,1,http,1,1,1,0,0,service-info-il,2,0
1,1,1,info-service-il.hol.es,1,1,0,1,0,0,/log1.php,2,http,1,1,1,0,0,info-service-il,2,0
1,1,1,info-service-il.hol.es,1,1,0,1,0,0,/facebook-security,1,http,1,1,1,0,0,info-service-il,2,0
1,1,1,kingsupteded.com,2,1,1,1,0,0,/squarespace/squar/KE11Y/,1,http,1,1,1,0,0,,1,0
1,1,1,blueappleassociates.com,1,1,1,1,0,0,/Images/index_files/change/0.html,1,http,1,1,1,0,0,,1,2
1,1,1,Summerseason.tavapirts.lv,1,1,0,1,0,0,/dpp/index.html,1,http,1,1,1,0,0,Summerseason,2,0
1,1,1,sharkprojects.fruitfuldemo.com,1,1,1,1,0,0,/css/Yahoologin.htm,1,http,1,1,1,0,0,sharkprojects,2,2
1,1,1,www.cavazosengineering.com,1,1,1,1,0,0,/cgi-bin./microsoft/,1,http,1,1,1,0,0,www,0,0
1,1,1,nnconsultoria.com.br,1,1,0,1,0,0,/Atendimento.Pessoa.Fisica9/atendimento_pessoa_fisica/criptografado/index1.php,1,http,1,1,1,0,0,,1,1
1,1,1,acct-cover-0899812.esy.es,1,1,0,1,0,0,/index.html,2,http,1,1,1,0,0,acct-cover-0899812,1,0
1,1,1,tumbuang-fb.esy.es,1,1,0,1,0,0,/recovery-chekpoint-login.html,1,http,1,1,1,0,0,tumbuang-fb,2,2
1,1,1,bank.barclays.co.uk.olb.auth.loginlink.action.loginlink.action.loginlink.action.loginlink.action.onandoffagain.com,1,1,1,1,1,0,/cloudit/,2,http,1,1,1,0,0,bank.barclays.co.uk.olb.auth.loginlink.action.loginlink.action.loginlink.action.loginlink.action,1,1
1,1,1,tehofilter.fi,2,1,0,1,0,0,/www.cartaobndes.gov.br/,1,http,1,1,1,0,0,,1,0
1,1,1,nnconsultoria.com.br,1,1,0,1,0,0,/Atendimento.Pessoa.Fisica01/atendimento_pessoa_fisica/criptografado/index1.php,1,http,1,1,1,0,0,,1,1
1,1,1,marcof.pro.br,2,1,0,1,0,0,/acesso.criptografado4/cliente.conectado1/pessoa.fisica.recadastrar/cadastrar.referencia/acesso.pendente.comunicacao/index.html,1,http,1,1,1,0,0,,1,1
1,1,1,desearch.co.uk,2,1,0,1,0,0,/plugins/captcha/recaptcha/hmrc/revenue/,1,http,1,1,1,0,0,,1,2
1,1,1,xn--https-servio-85-omb.jelastic.regruhosting.ru,1,1,0,1,1,0,/www.santander.com.br/br/Cadastramento/pessoa-fisica/santander-van-gogh/index1.php,1,http,1,1,1,0,0,xn--https-servio-85-omb.jelastic,1,1
1,1,1,www.lineyuy.cn,2,1,0,1,0,0,/,0,http,1,1,0,0,1,www,0,0
1,1,1,webmail-app-outlook-info.weebly.com,1,1,1,1,0,0,,0,http,1,1,1,0,1,webmail-app-outlook-info,1,0
1,1,1,indexdateprofile.890m.com,1,1,1,1,0,0,/match/info,2,http,1,1,1,0,1,indexdateprofile,2,0
1,1,1,zdcp.org,0,1,1,1,0,0,/ali/feedback/login.alibaba.com/login.jsp.html,1,http,1,1,1,0,0,,1,1
1,1,1,www.bsgodenderleeuw.be,1,1,0,1,0,0,/ikoi.php,2,http,1,1,1,0,0,www,0,0
1,1,1,sol-manager.fr,2,1,0,1,0,0,/raiffeisien/ebanking/login.php,1,http,1,1,1,0,0,,1,0
1,1,1,www.wifibkk.com,2,1,1,1,0,0,/wp-content/themes/js/nab/,1,https,1,1,1,0,1,www,0,0
1,1,1,notice-payment.invoiceappconfirmation.com,1,1,1,1,0,0,/Login.php,2,http,1,1,1,0,0,notice-payment,2,1
1,1,1,sitesumo.com,2,1,1,1,0,0,/outlook-app/main.html,1,http,1,1,1,0,0,,1,0
1,1,1,www.r129motoring.com,1,1,1,1,0,0,/SLWerks.com/wp-includes/js/tinymce/themes/modern/default/,1,http,1,1,1,0,1,www,0,1
1,1,1,novavidasamambaia.com.br,1,1,0,1,0,0,/admin/ckeditor/plugins/link/linkedin.com/,1,http,1,1,1,0,1,,1,2
1,1,1,academica.pt,2,1,0,1,0,0,/U/mail.htm,2,http,1,1,1,0,0,,1,1
1,1,1,academica.pt,2,1,0,1,0,0,/U/mail.htm,2,http,1,1,1,0,0,,1,1
1,1,1,www.bestsearch.info,1,1,0,1,0,0,/,0,http,1,1,0,0,0,www,0,0
1,1,1,innovateapp.ru,2,1,0,1,0,0,/inj/1au/03.php,1,http,1,1,1,0,0,,1,0
1,1,1,ovtoc.com,0,1,1,1,0,0,/wp-content/themes/Astra/images/webapps/mpp/home/,1,http,1,1,1,0,0,,1,1
1,1,1,www.ellepimmobiliare.it,1,1,0,1,0,0,/www.santandernet.com.br-br/pessoa-fisica/santander-van-gogh/aplicativos/index1.php,1,http,1,1,1,0,0,www,0,1
1,1,1,www.ellepimmobiliare.it,1,1,0,1,0,0,/www.santandernet.com.br-br/pessoa-fisica/santander-van-gogh/aplicativos/index1.php,1,http,1,1,1,0,0,www,0,1
1,1,1,env-9019617.jelastic.regruhosting.ru,1,1,0,1,1,0,/libraries/legacy/access/system.php,1,http,1,1,1,0,0,env-9019617.jelastic,1,1
1,1,1,ambrosiabanquethall.com,1,1,1,1,0,0,/mtdocss/index.php,1,http,1,1,1,0,0,,1,0
1,1,1,depatmens-recons002.esy.es,1,1,0,1,0,0,/recovery-chekpoint-login.html,1,http,1,1,1,0,0,depatmens-recons002,1,2
1,1,1,secure-notification-pagesfb-inc.com,1,1,1,1,0,0,/,0,https,1,1,1,0,0,,1,0
1,1,1,gispi.in,0,1,0,1,0,0,/serv/update.account.online/,1,http,1,1,1,0,0,,1,0
1,1,1,saedds4343354.esy.es,1,1,0,1,0,0,/,0,http,1,1,0,0,0,saedds4343354,2,0
1,1,1,acct-recover7895345546.esy.es,1,1,0,1,0,0,/index.html,2,http,1,1,1,0,0,acct-recover7895345546,1,0
1,1,1,www.ssmh.cz,2,1,0,1,0,0,/puvodni/alaba/aligranny.php,1,http,1,1,1,0,0,www,0,0
1,1,1,freshinktattoostudio.com.au,1,1,0,1,0,0,/wp-includes/opt.php,1,http,1,1,1,0,0,,1,2
1,1,1,www.syscan-id.com,1,1,1,1,0,0,//tmp/install_4e01bd078ea7d/admin/views/Unibe.php,1,http,1,1,1,0,0,www,0,2
1,1,1,caixa.fgtsliberado2017.com,1,1,1,1,0,0,/consulta6347674/index.php,1,http,1,1,1,0,0,caixa,0,1
1,1,1,acct-recover7895345.esy.es,1,1,0,1,0,0,/index.html,2,http,1,1,1,0,0,acct-recover7895345,1,0
1,1,1,checkpoint-erorr-fb005.esy.es,1,1,0,1,0,0,/recovery-chekpoint-login.html,1,http,1,1,1,0,0,checkpoint-erorr-fb005,1,2
1,1,1,checkpoint-info-fb9t.esy.es,1,1,0,1,0,0,/recovery-chekpoint-login.html,1,http,1,1,1,0,0,checkpoint-info-fb9t,1,2
1,1,1,support1213112.hol.es,1,1,0,1,0,0,/log.php,2,http,1,1,1,0,0,support1213112,2,0
1,1,1,support1213112.hol.es,1,1,0,1,0,0,/facebook-security,1,http,1,1,1,0,0,support1213112,2,0
1,1,1,recovery-account-fb-chekpoin-8108.esy.es,1,1,0,1,0,0,/recovery/index.html,1,http,1,1,1,0,0,recovery-account-fb-chekpoin-8108,1,2
1,1,1,www.digitalworld.tv,1,1,0,1,0,0,/store/sessions/asd654ds8ds45/0242ce5905/login.php,1,http,1,1,1,0,0,www,0,1
1,1,1,info-support-il.hol.es,1,1,0,1,0,0,/log1.php,2,http,1,1,1,0,0,info-support-il,2,0
1,1,1,info-support-il.hol.es,1,1,0,1,0,0,/facebook,2,http,1,1,1,0,0,info-support-il,2,0
1,1,1,wish4job.com,2,1,1,1,0,0,/page/musapdf.html,1,http,1,1,1,0,0,,1,0
1,1,1,c0.16mb.com,2,1,1,1,0,0,/k/,2,http,1,1,1,0,0,c0,0,0
1,1,1,orgcontalex.com.br,1,1,0,1,0,0,/acesso.criptografado2/cliente.conectado1/pessoa.fisica.recadastrar/cadastrar.referencia/acesso.pendente.comunicacao/index.html,1,http,1,1,1,0,0,,1,1
1,1,1,last-warning-fb1.esy.es,1,1,0,1,0,0,/recovery-chekpoint-login.html,1,http,1,1,1,0,0,last-warning-fb1,2,2
1,1,1,www.digital-sms-online.com.br,1,1,0,1,2,0,/rb001/apk/dll/,1,https,1,1,1,0,0,www,0,0
1,1,1,emaillsantander.com,1,1,1,1,0,0,/mobile/app/manage.php,1,http,1,1,1,0,0,,1,0
1,1,1,recover-fb01.esy.es,1,1,0,1,0,0,/recovery-chekpoint-login.html,1,http,1,1,1,0,0,recover-fb01,2,2
1,1,1,olenelife.com,2,1,1,1,0,0,/sessions/paypal/,1,http,1,1,1,0,0,,1,1
1,1,1,cover-acct56467.esy.es,1,1,0,1,0,0,/index.html,2,http,1,1,1,0,0,cover-acct56467,2,0
1,1,1,safecheck-acct5151.esy.es,1,1,0,1,0,0,/help/recovery-chekpoint-login.html,1,http,1,1,1,0,0,safecheck-acct5151,1,2
1,1,1,suspicous-payments-helping.com,1,1,1,1,0,0,/webapps/a6d92/websrc,1,https,1,1,1,0,0,,1,2
1,1,1,petektemizleme.biz.tr,1,1,0,1,0,0,/index.php,2,http,1,1,1,0,0,,1,0
1,1,1,pages-5566.hol.es,1,1,0,1,0,0,/log1.php,2,http,1,1,1,0,0,pages-5566,2,0
1,1,1,pages-5566.hol.es,1,1,0,1,0,0,/facebook-security,1,http,1,1,1,0,0,pages-5566,2,0
1,1,1,secure-notification-fbpages-inc.com,1,1,1,1,0,0,/,0,https,1,1,1,0,0,,1,0
1,1,1,goterbox33.esy.es,1,1,0,1,0,0,/recovery-chekpoint-login.html,1,http,1,1,1,0,0,goterbox33,2,2
1,1,1,httpssecure.belhalfs.beget.tech,1,1,0,1,2,0,/auth/auth/issues/,1,http,1,1,1,0,0,httpssecure.belhalfs,1,2
1,1,1,www.floraprive.com,1,1,1,1,0,0,/zhi/Unibe.html,1,http,1,1,1,0,0,www,0,0
1,1,1,blancogris.com,2,1,1,1,0,0,/Unibe.php,2,http,1,1,1,0,0,,1,0
1,1,1,lacasadelcarpintec.com,1,1,1,1,0,0,/smp/yahoop.html,1,http,1,1,1,0,0,,1,0
1,1,1,www.cr-mufg-jp.win,1,1,0,1,0,0,/service/visitors/asps/sinkitou,1,http,1,1,1,0,1,www,0,2
1,1,1,www.reo15.moe.go.th,1,1,0,1,1,0,/reo15/components/Signin.php,1,http,1,1,1,0,0,www.reo15,0,2
1,1,1,onlinedecu.cba.pl,1,1,0,1,0,0,/yahoo.php,2,http,1,1,1,0,0,onlinedecu,2,0
1,1,1,bakekapw2.com,2,1,1,1,0,0,/FOC.php,2,http,1,1,1,0,0,,1,0
1,1,1,www.missalli.nl,2,1,0,1,0,0,/images/banners/english-0/en/en/doss/,1,https,1,1,1,0,0,www,0,2
1,1,1,fgts-caixa.cf,2,1,0,1,0,0,/principal.php,2,http,1,1,1,0,0,,1,0
1,1,1,excelsolarenergy.com,1,1,1,1,0,0,/cgi/sign2/,2,https,1,1,1,0,0,,1,0
1,1,1,rattikagmr.in,2,1,0,1,0,0,/cjf/neeew/new%20outlook/,1,https,1,1,1,0,0,,1,0
1,1,1,fractus.com,2,1,1,1,0,0,/atendimento.santander.pessoa.fisica11/atendimento_pessoa_fisica/atualizar/index1.php,1,http,1,1,1,0,0,,1,1
1,1,1,getthelps-recoveri-disables.esy.es,1,1,0,1,0,0,/confirmations/index.html,1,http,1,1,1,0,0,getthelps-recoveri-disables,1,2
1,1,1,newsvanguard.in,2,1,0,1,0,0,/secure/BOA/home/confirm.php,1,https,1,1,1,0,0,,1,0
1,1,1,festainfantilbh.com.br,1,1,0,1,0,0,/central/images/casa_small.jpg,1,http,1,1,1,0,0,,1,2
1,1,1,hormontant.se,2,1,0,1,0,0,/wp-includes/css/picuter/www.pnc/page/verification/online/1/index.html,1,http,1,1,1,0,0,,1,1
1,1,1,Usaa.doc.bizburrows.com,1,1,1,1,2,0,,0,http,1,1,1,0,0,Usaa.doc,0,0
1,1,1,webdropbox.net,2,1,1,1,0,0,/GOG/yGnHFKdhsd.php,1,http,1,1,1,0,0,,1,0
1,1,1,pages-5564.hol.es,1,1,0,1,0,0,/facebook-security,1,http,1,1,1,0,0,pages-5564,2,0
1,1,1,pages-5508.hol.es,1,1,0,1,0,0,/log1.php,2,http,1,1,1,0,0,pages-5508,2,0
1,1,1,pages-5508.hol.es,1,1,0,1,0,0,/facebook-confirmation,1,http,1,1,1,0,0,pages-5508,2,0
1,1,1,ip55.ip-144-217-29.net,1,1,1,1,0,0,/www.itau.com.br/CartaoMilhas/atendimento/chama.php,1,http,1,1,1,0,0,ip55,0,1
1,1,1,safety-check-893465.esy.es,1,1,0,1,0,0,/index.html,2,http,1,1,1,0,0,safety-check-893465,1,0
1,1,1,safety-check-938407.esy.es,1,1,0,1,0,0,/index.html,2,http,1,1,1,0,0,safety-check-938407,1,0
1,1,1,acct-recover67868.esy.es,1,1,0,1,0,0,/index.html,2,http,1,1,1,0,0,acct-recover67868,1,0
1,1,1,kalera-fb-scrty1.esy.es,1,1,0,1,0,0,/recovery-chekpoint-login.html,1,http,1,1,1,0,0,kalera-fb-scrty1,2,2
1,1,1,fppkdo.pspu.ru,2,1,0,1,0,0,/error/058f0b949d02568411f89bf8/ppgoindexpage.php,1,http,1,1,1,0,0,fppkdo,0,1
1,1,1,www.hotelcaucasia.com,1,1,1,1,0,0,/login.php,2,http,1,1,1,0,0,www,0,1
1,1,1,zovermedical.com.sa,1,1,0,1,0,0,/blessed/aptgd/,1,http,1,1,1,0,0,,1,0
1,1,1,kancelaria24online.pl,1,1,0,1,0,0,/logs/,2,http,1,1,0,0,0,,1,0
1,1,1,contact-support-fb.hol.es,1,1,0,1,0,0,/verify/index.php,1,http,1,1,1,0,0,contact-support-fb,1,0
1,1,1,secretsofthemind.net,1,1,1,1,0,0,/wp-includes/js/tinymce/plugins/paste/js/acc/d65fd/security/signin/,1,https,1,1,1,0,0,,1,1
1,1,1,fb-securityloginfo707txtinc.esy.es,1,1,0,1,0,0,/recovery-chekpoint-login.html,1,http,1,1,1,0,0,fb-securityloginfo707txtinc,1,2
1,1,1,polymer-pipe.com,2,1,1,1,0,0,/a,2,http,1,1,1,0,0,,1,0
1,1,1,johnricerealtydadeville.com,1,1,1,1,0,0,/image/adobepdf/91d471cc9840f4d3471602ee7aec0623/,1,http,1,1,1,0,0,,1,1
1,1,1,fb-safety-system2017.esy.es,1,1,0,1,0,0,/recovery-chekpoint-login.html,1,http,1,1,1,0,0,fb-safety-system2017,1,2
1,1,1,depatmens-recon2017.esy.es,1,1,0,1,0,0,/recovery-chekpoint-login.html,1,http,1,1,1,0,0,depatmens-recon2017,1,2
1,1,1,extratocontasinativas.com,1,1,1,1,0,0,/web/,2,http,1,1,0,0,0,,1,0
1,1,1,marcof.pro.br,2,1,0,1,0,0,/acesso.criptografado/cliente.conectado/pessoa.fisica.recadastrar/cadastrar.referencia/acesso.pendente.comunicacao/index.html,1,http,1,1,1,0,0,,1,1
1,1,1,sistemaconsultainativos.com,1,1,1,1,0,0,/web/inter/,2,http,1,1,1,0,0,,1,0
1,1,1,fractus.com,2,1,1,1,0,0,/pessoa_fisica_maio05/atendimento_pessoa_fisica/atualizar/index1.php,1,http,1,1,1,0,0,,1,1
1,1,1,bigrichpoems.com,2,1,1,1,0,0,/dr/filewords/,2,http,1,1,1,0,0,,1,0
1,1,1,bigrichpoems.com,2,1,1,1,0,0,/doz/filewords/,1,http,1,1,1,0,0,,1,0
1,1,1,importradee.com,2,1,1,1,0,0,/ju/abvto/,2,http,1,1,1,0,0,,1,0
1,1,1,asdgxfhxhxchxcxcvhhvhhf.blogspot.com,1,1,1,1,0,0,/,0,http,1,1,0,0,0,asdgxfhxhxchxcxcvhhvhhf,1,0
1,1,1,fdhdfhdfhhfdfdhhdfhhfddfdf.blogspot.com,1,1,1,1,0,0,/,0,http,1,1,0,0,0,fdhdfhdfhhfdfdhhdfhhfddfdf,1,0
1,1,1,adadaadjaldkadlhadlsajlshsaah.blogspot.com,1,1,1,1,0,0,/,0,http,1,1,0,0,0,adadaadjaldkadlhadlsajlshsaah,1,0
1,1,1,system-internos24hs.com,1,1,1,1,0,0,/internas/,2,http,1,1,1,0,0,,1,0
1,1,1,re-sourceerror.esy.es,1,1,0,1,0,0,/recovery-chekpoint-login.html,1,http,1,1,1,0,0,re-sourceerror,2,2
1,1,1,miprofe.cl,2,1,0,1,0,0,/wp-admin/network/rdr/5/,1,http,1,1,1,0,1,,1,0
1,1,1,vbly.us,0,1,1,1,0,0,/2qtk,2,http,1,1,0,0,0,,1,0
1,1,1,sicoob-conta.com,2,1,1,1,0,0,/clientes/,2,http,1,1,1,0,0,,1,0
1,1,1,seapost.com.ua,2,1,0,1,0,0,/img/Customerservicetill.htm,1,http,1,1,1,0,0,,1,0
1,1,1,hjdjdk44d.net,2,1,1,1,0,0,/mainbuding/aol/,1,http,1,1,1,0,0,,1,0
1,1,1,anywayrocks.org,2,1,1,1,0,0,/cas.html,2,http,1,1,1,0,0,,1,0
1,1,1,whautopilots.com,2,1,1,1,0,0,/wp-content/uploads/CBT/chase/chase/card.php,1,http,1,1,1,0,0,,1,2
1,1,1,er1cd13r.com,2,1,1,1,0,0,/css/update.html,1,http,1,1,1,0,0,,1,0
1,1,1,www.edleigh.co.za,1,1,0,1,1,0,/wp-admin/css/colors/coffee/cas.html,1,http,1,1,1,0,0,www,0,2
1,1,1,www.zemo.org.ua,2,1,0,1,1,0,/wp-includes/js/images/start.php,1,http,1,1,1,0,0,www,0,2
1,1,1,shib.ncsu.edu.nllt.cf,1,1,0,1,1,0,/idp/profile/SAML2/POST/SSO%3bjsessionid=node016xk3r5433jv81iwht2ysid47t867465.node0%3fexecution=e1s1/,1,http,1,1,1,0,0,shib.ncsu.edu,2,1
1,1,1,logs.en-action.com,1,1,1,1,0,0,/accounts-login-confirmphp/,1,http,1,1,1,0,0,logs,0,0
1,1,1,aboutus.in,2,1,0,1,0,0,/admin/outlook/validate/WebAdmin/Outlook%20Web%20App.htm,1,http,1,1,1,0,0,,1,2
1,1,1,m-amir.com,2,1,1,1,0,0,/egyteb/biz/,2,http,1,1,1,0,0,,1,0
1,1,1,sjlearning.com.my,1,1,0,1,0,0,/assets/kcfinder/upload/no_user/files/xnowxoffnowxnowoffhd/Log/home/websc-login.php,1,http,1,1,1,0,0,,1,1
1,1,1,wbmexed.com.ng,2,1,0,1,0,0,/Exchange/,2,http,1,1,1,0,0,,1,0
1,1,1,phukien365.vn,2,1,0,1,0,0,/Postepay/,2,http,1,1,0,0,1,,1,0
1,1,1,cart-si-titolari-20-17-efdgdf.dynamic-dns.net,1,1,1,1,0,0,/red1/,2,http,1,1,1,0,0,cart-si-titolari-20-17-efdgdf,1,2
1,1,1,support109381.hol.es,1,1,0,1,0,0,/facebook-security,1,http,1,1,1,0,0,support109381,2,0
1,1,1,recovers-check-accounts.hol.es,1,1,0,1,0,0,/recovery/recovery-chekpoint-login.html,1,http,1,1,1,0,0,recovers-check-accounts,1,1
1,1,1,recover-fb-warning01.esy.es,1,1,0,1,0,0,/recovery-chekpoint-login.html,1,http,1,1,1,0,0,recover-fb-warning01,1,2
1,1,1,fb-recover-10.esy.es,1,1,0,1,0,0,/recovery-chekpoint-login.html,1,http,1,1,1,0,0,fb-recover-10,2,2
1,1,1,owahelpsno.16mb.com,1,1,1,1,0,0,/,0,http,1,1,0,0,0,owahelpsno,2,0
1,1,1,webmailhelpdeskstaff.000webhostapp.com,1,1,1,1,0,0,/,0,http,1,1,0,0,0,webmailhelpdeskstaff,1,0
1,1,1,purrfectphonesexjobs.com,1,1,1,1,0,0,/!!..HXLaZaGsnp..!!//index.php,1,http,1,1,1,0,0,,1,2
1,1,1,eagleinfotech.edu.sg,1,1,0,1,0,0,/plugin/font-awesome/fonts/fontawesome-webfont.php,1,http,1,1,1,0,0,,1,1
1,1,1,www.clickimagem.pt,1,1,0,1,0,0,/modules/mod_banners/docume.php,1,http,1,1,1,0,0,www,0,2
1,1,1,www.riclogauto.96.lt,1,1,0,1,1,0,/login.php,2,http,1,1,1,0,0,www.riclogauto,2,0
1,1,1,www.desertsportswear.com,1,1,1,1,0,0,/bankofamerica.com/,1,http,1,1,1,0,0,www,0,0
1,1,1,dooglinn.beget.tech,1,1,0,1,0,0,/pp1/web17asp/,2,http,1,1,1,0,0,dooglinn,0,0
1,1,1,lpmnuansa.undip.ac.id,1,1,0,1,1,0,/pro/1/index.htm,1,http,1,1,1,0,0,lpmnuansa,0,0
1,1,1,lpmnuansa.undip.ac.id,1,1,0,1,1,0,/pro/2/index.htm,1,http,1,1,1,0,0,lpmnuansa,0,0
1,1,1,m.facebook.com------------------login-secured.liraon.com,1,1,1,1,1,0,/sign_in.htm,2,http,1,1,1,0,0,m.facebook.com------------------login-secured,1,2
1,1,1,j-wearfetish.com,2,1,1,1,0,0,/atendimento/caixa.gov.br/pages/inter/index.php,1,http,1,1,1,0,0,,1,2
1,1,1,fgtscontasinativas.16mb.com,1,1,1,1,0,0,/index.php,2,http,1,1,1,0,0,fgtscontasinativas,1,0
1,1,1,portalfgts.com,2,1,1,1,0,0,/caixa.gov.br/pages/inter/index.php,1,http,1,1,1,0,0,,1,2
1,1,1,103.236.137.117,2,1,1,1,1,0,/caixa.gov.br/pages/inter/,1,http,1,1,1,0,0,,1,0
1,1,1,normansfinejewelry.com,1,1,1,1,0,0,/ASDE/QWAUTHW/asb.co.nz/index.htm,1,http,1,1,1,0,0,,1,2
1,1,1,inhomecareidaho.com,1,1,1,1,0,0,/wp-includes/news/dropbaka/07b4089c45eabdd3349d4d8ba473301a/pindex.php,1,http,1,1,1,0,0,,1,1
1,1,1,mainepta.org,2,1,1,1,0,0,/eme/gm/excel/excel/,1,http,1,1,1,0,0,,1,0
1,1,1,caixa.suportedeconsultafgtsliberado.com,1,1,1,1,0,0,/consulta9104336/index.php,1,http,1,1,1,0,0,caixa,0,1
1,1,1,www.saiastrology.com,1,1,1,1,0,0,/sender/Leaves/filewords/index.php,1,http,1,1,1,0,0,www,0,2
1,1,1,notify-action-acct.esy.es,1,1,0,1,0,0,/recovery-chekpoint-login.html,1,http,1,1,1,0,0,notify-action-acct,1,2
1,1,1,fangtasiaphonesex.com,1,1,1,1,0,0,/Godsgrace/Dropfile/,1,http,1,1,1,0,0,,1,0
1,1,1,latitudeinfra.com,1,1,1,1,0,0,/admin/uploade/01myfs/dada9b67bf59f6aadf1357adbdfc409a/,1,http,1,1,1,0,0,,1,1
1,1,1,boxmail-fullupgrade.com,1,1,1,1,0,0,/secured/,2,https,1,1,1,0,0,,1,0
1,1,1,www.michaelsmolski.com,1,1,1,1,0,0,/0w1/Owa/,2,http,1,1,1,0,0,www,0,0
1,1,1,miprofe.cl,2,1,0,1,0,0,/wp-admin/network/rdr/4/,1,http,1,1,1,0,1,,1,0
1,1,1,kesenianjawa.undip.ac.id,1,1,0,1,1,0,/wp-content/plugins/ADOBE_YEAR_2017/index.htm,1,http,1,1,1,0,0,kesenianjawa,2,1
1,1,1,u.nu,0,1,0,1,0,0,/zfy,2,https,1,1,0,0,0,,1,0
1,1,1,tinyurl.com,2,1,1,1,0,0,/lhzy2me,2,http,1,1,0,0,0,,1,0
1,1,1,cover-acct789345.esy.es,1,1,0,1,0,0,/index.html,2,http,1,1,1,0,0,cover-acct789345,2,0
1,1,1,depatmens-recons001.esy.es,1,1,0,1,0,0,/recovery-chekpoint-login.html,1,http,1,1,1,0,0,depatmens-recons001,1,2
1,1,1,carolyneslick.com,1,1,1,1,0,0,/sos/Chase_Online.html,1,http,1,1,1,0,0,,1,0
1,1,1,protecfb-error.esy.es,1,1,0,1,0,0,/recovery-chekpoint-login.html,1,http,1,1,1,0,0,protecfb-error,2,2
1,1,1,cover-acct76483.esy.es,1,1,0,1,0,0,/index.html,2,http,1,1,1,0,0,cover-acct76483,2,0
1,1,1,attxn.net,0,1,1,1,0,0,/m/cprodx.att.net/commonLogin/igate_edam/controller.html,1,http,1,1,1,0,0,,1,2
1,1,1,bit.ly,0,1,0,1,0,0,/2pKUTZ0,2,http,1,1,0,0,0,,1,0
1,1,1,assasasauysuysauysaysayasa.blogspot.com,1,1,1,1,0,0,/,0,http,1,1,0,0,0,assasasauysuysauysaysayasa,1,0
1,1,1,miprofe.cl,2,1,0,1,0,0,/wp-admin/network/rdr/16/,1,http,1,1,1,0,1,,1,0
1,1,1,click.waw.pl,2,1,0,1,0,0,/mas678ben,2,http,1,1,1,0,1,,1,0
1,1,1,sac-uol-conteudo.byethost15.com,1,1,1,1,0,0,/www.sac.uol.com.br/pagamento2/,1,http,1,1,1,0,0,sac-uol-conteudo,2,2
1,1,1,sac-uol-conteudo.byethost15.com,1,1,1,1,0,0,/www.sac.uol.com.br/pagamento2/index4.html,1,http,1,1,1,0,0,sac-uol-conteudo,2,1
1,1,1,shastivelcotton.com,1,1,1,1,0,0,/images/trash/Indexxatt/Indexxatt.htm,1,https,1,1,1,0,0,,1,2
1,1,1,ring-my-bell.com,2,1,1,1,0,0,/secure/nn/nn/,2,http,1,1,1,0,1,,1,0
1,1,1,cname.hub-web.com,1,1,1,1,0,0,/proccesing-fbaccountss/login.php,1,http,1,1,1,0,0,cname,0,2
1,1,1,h2hventures.co,2,1,1,1,0,0,/styles/,2,http,1,1,0,0,0,,1,0
1,1,1,acessoseguroatodos.com,1,1,1,1,0,0,/melhorandoonline/Urgente/SantanderSelect/index1.php,1,http,1,1,1,0,0,,1,1
1,1,1,caixa.suportedeconsultafgtsliberado.com,1,1,1,1,0,0,/,0,http,1,1,0,0,0,caixa,0,0
1,1,1,ournepal.com,2,1,1,1,0,0,/images/band_of_kathmandu/scarred/fomula1/ssControlPanel.htm,1,http,1,1,1,0,0,,1,1
1,1,1,harigoindia.com,2,1,1,1,0,0,/old-site/xx/ya/Yahoo.htm,1,http,1,1,1,0,0,,1,0
1,1,1,segurana.my-free.website,1,1,0,1,0,0,/,0,http,1,1,1,0,0,segurana,0,0
1,1,1,secure.saginawheadstart.org,1,1,1,1,0,0,/myaccount/,2,https,1,1,1,0,0,secure,0,0
1,1,1,04daa73b.ngrok.io,1,1,0,1,0,0,/secured42/23e08230a93871fa650553ccdf54ecf7/signin/,1,http,1,1,1,0,0,04daa73b,0,1
1,1,1,kiwi-pools.com,2,1,1,1,0,0,/dir8/confirm_identity.php,1,http,1,1,1,0,0,,1,1
1,1,1,pages-5507.hol.es,1,1,0,1,0,0,/facebook-security,1,http,1,1,1,0,0,pages-5507,2,0
1,1,1,www.mir-holoda.by,1,1,0,1,0,0,/price.files/match.html,1,http,1,1,1,0,0,www,0,0
1,1,1,support-fb-page.hol.es,1,1,0,1,0,0,/logins.php,2,http,1,1,1,0,0,support-fb-page,2,0
1,1,1,paranavida.com.br,1,1,0,1,0,0,/fontz/logss/filewords/,1,http,1,1,1,0,0,,1,0
1,1,1,phpmatrimonialscript.in,1,1,0,1,0,0,/wp-includes/SimplePie/css/BOA/qes.php,1,http,1,1,1,0,0,,1,2
1,1,1,rccgpavilion.org,2,1,1,1,0,0,/components/com_acymailing/controllers/js/fr/frebox158418/e1acec14bad70e2d1a80566e6c3108c4/,1,http,1,1,1,0,1,,1,1
1,1,1,doutorconsorcio.com.br,1,1,0,1,0,0,/folder3/Arch/Arch/Archive/,1,http,1,1,1,0,1,,1,2
1,1,1,vuongquocsen.com,2,1,1,1,0,0,/index.html.php,1,http,1,1,1,0,0,,1,1
1,1,1,www.sping-doo.si,2,1,0,1,0,0,/Site_Seguro/www/Santander.com/br/Cliente=ID=/,1,http,1,1,1,0,0,www,0,2
1,1,1,safety-check-278836.esy.es,1,1,0,1,0,0,/index.html,2,http,1,1,1,0,0,safety-check-278836,1,0
1,1,1,qzsclothing.com,2,1,1,1,0,0,/mailbox/Yah/T/Y1.html,1,http,1,1,1,0,0,,1,0
1,1,1,recover-acct88000.esy.es,1,1,0,1,0,0,/index.html,2,http,1,1,1,0,0,recover-acct88000,1,0
1,1,1,last-warning-fb113.esy.es,1,1,0,1,0,0,/recovery-chekpoint-login.html,1,http,1,1,1,0,0,last-warning-fb113,1,2
1,1,1,lexavierpartners.com,1,1,1,1,0,0,/lex/info/,2,http,1,1,1,0,0,,1,0
1,1,1,mobile-free.kofoed-fr.com,1,1,1,1,0,0,/Compte/93843687342927348376/8325682376834768237648/92029/d6b56/moncompte/,1,http,1,1,1,0,0,mobile-free,2,1
1,1,1,primelog.amzweb.com.br,1,1,0,1,1,0,/image/flags/sss/alibaba/index.php,1,http,1,1,1,0,0,primelog,0,1
1,1,1,phpmatrimonialscript.in,1,1,0,1,0,0,/wp-includes/SimplePie/css/BOA/card.php,1,http,1,1,1,0,0,,1,2
1,1,1,atualizar-cadastro.com,1,1,1,1,0,0,/-bb/,2,https,1,1,1,0,1,,1,0
1,1,1,mobile-free.kofoed-fr.com,1,1,1,1,0,0,/Compte/93843687342927348376/8325682376834768237648/95993/65569/moncompte/,1,http,1,1,1,0,1,mobile-free,2,1
1,1,1,dentalimplantformula.com,1,1,1,1,0,0,/nichepatients.com/,1,http,1,1,1,0,1,,1,0
1,1,1,mobile-free.kofoed-fr.com,1,1,1,1,0,0,/Compte/93843687342927348376/8325682376834768237648/92029/da9cc/moncompte/,1,http,1,1,1,0,1,mobile-free,2,1
1,1,1,fgtsconsultainativos.com,1,1,1,1,0,0,/inter/web/,2,http,1,1,1,0,0,,1,0
1,1,1,saldofgtsgov.com,2,1,1,1,0,0,/caixa.gov.br/pages/inter/index.php,1,http,1,1,1,0,0,,1,2
1,1,1,promocaorecar.ga,2,1,0,1,0,0,/zn/info.php,2,http,1,1,1,0,0,,1,0
1,1,1,mobilier-lemnmasiv.ro,1,1,0,1,0,0,/wp-content/plugins/giga-slider/lang/alibaba.com/Login.htm,1,http,1,1,1,0,0,,1,1
1,1,1,igforweddingpros.com,1,1,1,1,0,0,/hhhhhhh/driveup/63f2b3c183ef56ec7a14e79141d6df0c/login.php,1,http,1,1,1,0,0,,1,1
1,1,1,www.fahwonmai.tv,2,1,0,1,0,0,/sites/all/databases/index.php,1,http,1,1,1,0,0,www,0,0
1,1,1,owaispsecuredesk2017.myfreesites.net,1,1,1,1,0,0,/,0,http,1,1,0,0,0,owaispsecuredesk2017,1,0
1,1,1,forfindquality.com,1,1,1,1,0,0,/Core/Foundation/Exception/li.php,1,http,1,1,1,0,0,,1,2
1,1,1,loadingspeacceasy.atwebpages.com,1,1,1,1,0,0,/update-payment.php,1,http,1,1,1,0,0,loadingspeacceasy,1,2
1,1,1,virgilecatherine.fr,1,1,0,1,0,0,/oral/css/login.php,1,http,1,1,1,0,0,,1,0
1,1,1,www.supporto-informatici.info,1,1,0,1,0,0,/cartasi_1.php,2,http,1,1,1,0,0,www,0,0
1,1,1,www.antiquehostel.ro,1,1,0,1,0,0,/logs/sxxs/0e92aeba37fa2bcc59a7999f36df2f6d/verification/verification.php,1,http,1,1,1,0,0,www,0,1
1,1,1,www.desertsportswear.com,1,1,1,1,0,0,/bankofamerica.com/f2ad24ed2c72565d5df52a7bfa652351/,1,http,1,1,1,0,0,www,0,1
1,1,1,www.pursorder.esy.es,1,1,0,1,1,0,/purchase/req.php,1,http,1,1,1,0,0,www.pursorder,2,0
1,1,1,supporto-informatici.info,1,1,0,1,0,0,/cartasi_2.php,2,http,1,1,1,0,0,,1,0
1,1,1,www.mir-holoda.by,1,1,0,1,0,0,/price.files/adobeCom/inc/index.php,1,http,1,1,1,0,0,www,0,2
1,1,1,newsvanguard.in,2,1,0,1,0,0,/secure/BOA/home/info.php,1,http,1,1,1,0,0,,1,1
1,1,1,newsvanguard.in,2,1,0,1,0,0,/secure/BOA/home/confirm.php,1,http,1,1,1,0,0,,1,1
1,1,1,newsvanguard.in,2,1,0,1,0,0,/secure/BOA/home/info.php,1,http,1,1,1,0,0,,1,1
1,1,1,newsvanguard.in,2,1,0,1,0,0,/secure/BOA/home/confirm.php,1,https,1,1,1,0,0,,1,1
1,1,1,saferpdf.000webhostapp.com,1,1,1,1,0,0,/adobe.html,2,http,1,1,1,0,0,saferpdf,0,0
1,1,1,guard.trustlawsuits.com,1,1,1,1,0,0,/fresh.php,2,http,1,1,1,0,0,guard,0,0
1,1,1,supremehosting.co.nz,1,1,0,1,0,0,/client/ioncube/Update/paypal/login.php,1,https,1,1,1,0,0,,1,1
1,1,1,backup.din-14675.de,1,1,1,1,0,0,/tmp/s.png/,2,http,1,1,1,0,0,backup,0,2
1,1,1,sandiegovendingmachine.com,1,1,1,1,0,0,/wp-admin/cs/domain/Login.php,1,http,1,1,1,0,0,,1,2
1,1,1,emailbradesco.esy.es,1,1,0,1,0,0,/mail/mobile/app/thmpv.php,1,http,1,1,1,0,0,emailbradesco,2,2
1,1,1,www.fontedevidaeterna.org.br,1,1,0,1,1,0,/confirminfochaseonline.com/chase/5915a83c5ca352d1a60f39bf8aacaff2/email.php,1,http,1,1,1,0,0,www,0,1
1,1,1,sivasosb.org.tr,2,1,0,1,0,0,/joomla1.txt,2,http,1,1,1,0,0,,1,2
1,1,1,cabinetelendil.be,1,1,0,1,0,0,/hil/office/,2,http,1,1,1,0,0,,1,0
1,1,1,universityrankings.com.au,1,1,0,1,0,0,/css/OWA(1).HTML,1,https,1,1,1,0,0,,1,0
1,1,1,snfp.ro,0,1,0,1,0,0,/wp-content/plugins/moc.htm,1,http,1,1,1,0,0,,1,0
1,1,1,bit.ly,0,1,0,1,0,0,/2p6nYKl,2,http,1,1,0,0,0,,1,0
1,1,1,srixlex.com,2,1,1,1,0,0,/server/squar/KE11Y,1,https,1,1,1,0,0,,1,0
1,1,1,constructions.pancakeapps.com,1,1,1,1,0,0,,0,http,1,1,0,0,0,constructions,2,0
1,1,1,poggisub.it,2,1,0,1,0,0,/modules/Dropbox/Dropbox/Dropbox/1f539c7b586499970ef4ac3c9f72f596/,1,http,1,1,1,0,0,,1,1
1,1,1,bisnis101.com,2,1,1,1,0,0,/share/view/adobe/user/login/index.htm,1,http,1,1,1,0,0,,1,2
1,1,1,elicos.com,2,1,1,1,0,0,/cha/Chase0ChaseChasechase-Online/wwwhttpsChase-Chase0ChaseOnline/wwwChaseOnlinebankingcom-account0notifications0CentreUSA/index.php,1,https,1,1,1,0,0,,1,1
1,1,1,banorte-rs.com,2,1,1,1,0,0,/JKKUIGH/HJ6GHKH/HGJ65/FGG5J/NG43/N5DF/NB4F/NH54/HN4/N5GG/H44H/N66G/J55G/,1,http,1,1,1,0,0,,1,1
1,1,1,bright-wedding.com.ua,1,1,0,1,0,0,/wp-content/uploads/2017/05/.a/,1,http,1,1,1,0,1,,1,2
1,1,1,www.siclogistics.com,1,1,1,1,0,0,/hb.htm,2,http,1,1,1,0,0,www,0,0
1,1,1,www.meu-fgtscaixa.com,1,1,1,1,0,0,/2017/pages/inter/index.php,1,http,1,1,1,0,0,www,0,2
1,1,1,www.pellicole-adesive.com,1,1,1,1,0,0,/logs/public/,2,https,1,1,1,0,0,www,0,0
1,1,1,www.formget.com,2,1,1,1,0,0,/app/forms/view/RQcc-246023,1,http,1,1,1,0,0,www,0,0
1,1,1,www.sping-doo.si,2,1,0,1,0,0,/http/www/Santander.com.br/br/Cliente_ID=/,1,http,1,1,1,0,0,www,0,2
1,1,1,page.app15.in,2,1,0,1,0,0,/themeset1_2015-08-07-11-24-38/app/y/index.htm,1,http,1,1,1,0,0,page,0,2
1,1,1,paypal1.uk-ppl202.com,1,1,1,1,0,0,/sd/,2,http,1,1,1,0,1,paypal1,0,0
1,1,1,tinyurl.com,2,1,1,1,0,0,/l6as4o2,2,https,1,1,0,0,1,,1,0
1,1,1,www.maszx.org,2,1,1,1,0,0,/template/default/portal/roox/index.php,1,https,1,1,1,0,0,www,0,1
1,1,1,segurom3.beget.tech,1,1,0,1,0,0,/atendimentoseguro/,1,http,1,1,1,0,0,segurom3,0,0
1,1,1,belgiumimagyarok.be,1,1,0,1,0,0,/wp/log.htm,2,http,1,1,1,0,0,,1,0
1,1,1,faridhosiery.com,2,1,1,1,0,0,/aol.net/www.aol.com/index.htm,1,http,1,1,1,0,0,,1,0
1,1,1,herballineteam.eu,1,1,0,1,0,0,/components/com_content/views/article/tmpl/Suntrust1/Suntrust/Suntrust/Suntrust/Suntrust/Suntrust/SunTrust -Online Banking.htm,1,https,1,1,1,0,0,,1,1
1,1,1,mashtaresort.com,2,1,1,1,0,0,/mail.htm,2,http,1,1,1,0,0,,1,2
1,1,1,pixelnam.net,2,1,1,1,0,0,/skonsko/BDBBB4/BDBBB/BDBBB/dpbx/index.php,1,http,1,1,1,0,0,,1,2
1,1,1,www.unitedkingdomimmigrationservices.org,1,1,1,1,0,0,/jj_jp/e3dc325482ee637ca0bda89a9370b486/,1,http,1,1,1,0,0,www,0,1
1,1,1,grannyflat-s.com.au,1,1,0,1,0,0,/army/domainz/domainz/review/,1,http,1,1,1,0,1,,1,1
1,1,1,ip-160-153-224-253.ip.secureserver.net,1,1,1,1,2,0,/,0,http,1,1,1,0,1,ip-160-153-224-253.ip,1,0
1,1,1,inativasfgtsativas.site,1,1,0,1,0,0,/tnt/caixa.gov.br/pages/inter/envio1.php,1,http,1,1,1,0,0,,1,2
1,1,1,piewerks.com,2,1,1,1,0,0,/chinex/ogs/draft/mail.htm,1,http,1,1,1,0,0,,1,1
1,1,1,www.facebooknotsz.gq,1,1,0,1,0,0,/f4/123456.mob,2,http,1,1,1,0,1,www,0,0
1,1,1,www.facebooknotsz.gq,1,1,0,1,0,0,/f4/,2,http,1,1,1,0,1,www,0,0
1,1,1,savagtolldoc.us,2,1,1,1,0,0,/done/index.html,1,http,1,1,1,0,0,,1,0
1,1,1,sivasosb.org.tr,2,1,0,1,0,0,/webvc/index.php,1,http,1,1,1,0,0,,1,1
1,1,1,simer.com.tr,2,1,0,1,0,0,/tescoonlineupdate.secures/,1,http,1,1,1,0,0,,1,0
1,1,1,www.antiquehostel.ro,1,1,0,1,0,0,/logs/sxxs/dda6e20944a66809a09f4c577a882cac/verification/verification.php,1,http,1,1,1,0,0,www,0,1
1,1,1,www.carolyneslick.com,1,1,1,1,0,0,/chase/Chase_Online.html,1,http,1,1,1,0,0,www,0,0
1,1,1,piewerks.com,2,1,1,1,0,0,/chinex/ogs/draft/,1,http,1,1,1,0,0,,1,0
1,1,1,robashburn.com,2,1,1,1,0,0,/gg/ayo1/,2,http,1,1,1,0,1,,1,0
1,1,1,www.faridhosiery.com,1,1,1,1,0,0,/new/yahoo/login_verify2&amp;.src=ym/mail.html,1,http,1,1,1,0,0,www,0,2
1,1,1,www.snaphelp.byethost18.com,1,1,1,1,2,0,,0,http,1,1,1,0,0,www.snaphelp,2,0
1,1,1,www.prize.life,2,1,0,1,0,0,/libraries/joomla/cp.php,1,http,1,1,1,0,0,www,0,0
1,1,1,camillascake.it,2,1,0,1,0,0,//images/bannerss/.default/.express/.manage/.impress/.service/,1,http,1,1,1,0,0,,1,1
1,1,1,librievini.it,2,1,0,1,0,0,/casfhgkjfhgkjdfhuigiyuyuruejfhjhgfjdhkj,1,http,1,1,0,0,0,,1,2
1,1,1,offerup.com------------------login-confirm-account.aggly.com,1,1,1,1,1,0,/Login%20-%20OfferUp.htm,1,http,1,1,1,0,0,offerup.com------------------login-confirm-account,1,1
1,1,1,onlin-info-alert-sys-01.esy.es,1,1,0,1,0,0,/us/Home/62i83dr26j,1,http,1,1,1,0,0,onlin-info-alert-sys-01,1,2
1,1,1,carolyneslick.com,1,1,1,1,0,0,/chase/Chase_Online.html,1,http,1,1,1,0,0,,1,0
1,1,1,email.premiumx.my,1,1,0,1,0,0,/edr/GD/PI/,2,http,1,1,1,0,1,email,0,0
1,1,1,seguranca-santa-mobile.000webhostapp.com,1,1,1,1,0,0,/app/dados.php,2,http,1,1,1,0,0,seguranca-santa-mobile,1,2
1,1,1,sarmawola.pl,2,1,0,1,0,0,/signin/,2,http,1,1,0,0,0,,1,0
1,1,1,bit.ly,0,1,0,1,0,0,/2pD2nLt,2,http,1,1,0,0,0,,1,0
1,1,1,makingdigital.com.br,1,1,0,1,0,0,/wp-includes/CentralClientes/index1.php,1,http,1,1,1,0,0,,1,2
1,1,1,cliente01.novoportalb-b.com.br,1,1,0,1,1,0,/,0,http,1,1,1,0,0,cliente01,0,2
1,1,1,carolyneslick.com,1,1,1,1,0,0,/yah/Yah/T/Y1.html,1,http,1,1,1,0,0,,1,0
1,1,1,faridhosiery.com,2,1,1,1,0,0,/new/yahoo/login_verify2&amp;.src=ym/mail.html,1,http,1,1,1,0,0,,1,2
1,1,1,www.caixa.gov.br-fgts.gov.br.trabalhador.servicos_online.saldo_fgts.asp.ct56372.tmweb.ru,1,1,0,1,1,0,/oferta.cliente,1,http,1,1,1,0,1,www.caixa.gov.br-fgts.gov.br.trabalhador.servicos_online.saldo_fgts.asp.ct56372,1,1
1,1,1,saldoinativofgts.com,1,1,1,1,0,0,/contas/acesso/pages/inter/index.php,1,http,1,1,1,0,0,,1,2
1,1,1,recover-acct8431.esy.es,1,1,0,1,0,0,/index.html,2,http,1,1,1,0,0,recover-acct8431,2,0
1,1,1,recovery-your-acct-chekpoin-402.esy.es,1,1,0,1,0,0,/recovery/index.html,1,http,1,1,1,0,0,recovery-your-acct-chekpoin-402,1,2
1,1,1,dhiyaselectric.co.id,1,1,0,1,0,0,/o%20-%20Copy.html,1,https,1,1,1,0,0,,1,0
1,1,1,bit.ly,0,1,0,1,0,0,/2oXbqtJ,2,http,1,1,0,0,0,,1,0
1,1,1,activation-locked-help17.16mb.com,1,1,1,1,0,0,/help-fb/fb.mobile/index.php,1,http,1,1,1,0,0,activation-locked-help17,1,2
1,1,1,www.hallwaystreetsigns.com,1,1,1,1,0,0,/pdfs/home/1baec2b40858a848369b35612c8fb982/,1,http,1,1,1,0,0,www,0,1
1,1,1,cellusconections.info,1,1,0,1,0,0,/ule23575/watchts%3Fv%3DVI1awdJBldc/Qbqo-bQpoho/TFHY-J77vmw/index1.php,1,http,1,1,1,0,0,,1,1
1,1,1,supporto-informatici.info,1,1,0,1,0,0,/cartasi.html,2,http,1,1,1,0,0,,1,0
1,1,1,tinyurl.com,2,1,1,1,0,0,/kbtetvp,2,http,1,1,0,0,0,,1,0
1,1,1,cargo-hangnadim.com,1,1,1,1,0,0,/surecers/Discover.com/index.htm,1,http,1,1,1,0,0,,1,2
1,1,1,www.radaradt.com,2,1,1,1,0,0,/portal/libraries/gantry/images/iphone/esp/error.php,1,http,1,1,1,0,0,www,0,2
1,1,1,kenmetcalf.com,2,1,1,1,0,0,/old/images/su.htm,1,http,1,1,1,0,0,,1,0
1,1,1,www.radaradt.com,2,1,1,1,0,0,/portal/libraries/gantry/images/iphone/js/home.php,1,http,1,1,1,0,0,www,0,2
1,1,1,thomasmorall.co,2,1,1,1,0,0,/amex/Validation/,1,http,1,1,1,0,0,,1,0
1,1,1,bibliophile.free.fr,1,1,0,1,0,0,/tax.php,2,http,1,1,1,0,0,bibliophile,2,0
1,1,1,www.promosmilancamp.it,1,1,0,1,0,0,/mjc/hwdvideos/thumbs/indo.php,1,http,1,1,1,0,0,www,0,2
1,1,1,pages-5503.hol.es,1,1,0,1,0,0,/log1.php,2,http,1,1,1,0,0,pages-5503,2,0
1,1,1,pages-5503.hol.es,1,1,0,1,0,0,/facebook-security,1,http,1,1,1,0,0,pages-5503,2,0
1,1,1,safety-check-73652.esy.es,1,1,0,1,0,0,/index.html,2,http,1,1,1,0,0,safety-check-73652,1,0
1,1,1,plumberstomballtx.net,1,1,1,1,0,0,/wp-content/bod/E2F-BIN/E2NCNR01.php,1,http,1,1,1,0,0,,1,1
1,1,1,desbloqueiomobile.com,1,1,1,1,0,0,/to/,2,http,1,1,0,0,0,,1,0
1,1,1,whatsmyhomesvalue.us,1,1,1,1,0,0,/DocuSign/Secured/healthgov/,1,http,1,1,1,0,0,,1,2
1,1,1,wrkinprog.com,2,1,1,1,0,0,/wp-admin/network/docs/a065df23d91e4a420483d210fd1689c7,1,http,1,1,1,0,0,,1,2
1,1,1,cover-acct8678.esy.es,1,1,0,1,0,0,/index.html,2,http,1,1,1,0,0,cover-acct8678,2,0
1,1,1,www.bestlight.gr,2,1,0,1,0,0,/skin/frontend/default/modern/images/media/index.php,1,http,1,1,1,0,0,www,0,2
1,1,1,liceosanconrado.cl,1,1,0,1,0,0,/00202fjf/casts/,1,http,1,1,1,0,0,,1,0
1,1,1,ashimsolutions.com,1,1,1,1,0,0,/logchase_dpt/index.php,1,http,1,1,1,0,0,,1,0
1,1,1,festainfantilbh.com.br,1,1,0,1,0,0,/piscina_de_bolinhas/index.htm,1,http,1,1,1,0,0,,1,2
1,1,1,ovbppst.pe.hu,2,1,0,1,0,0,/00987654565456765342345678uujujujjuj7654576890987654567890/,1,http,1,1,1,0,0,ovbppst,0,1
1,1,1,dallas177.arvixeshared.com,1,1,1,1,0,0,/~jforgash/Ppl.php,1,https,1,1,1,0,0,dallas177,0,0
1,1,1,pursorder.esy.es,2,1,0,1,0,0,/purchase/,2,http,1,1,1,0,0,pursorder,0,2
1,1,1,meowmeowmugs.com,2,1,1,1,0,0,/nccx7ak/index.htm,1,http,1,1,1,0,0,,1,0
1,1,1,dhlmail.000webhostapp.com,1,1,1,1,0,0,/Linkedinn/login.htm,1,http,1,1,1,0,0,dhlmail,0,0
1,1,1,dhlmail.000webhostapp.com,1,1,1,1,0,0,/Linkedinn/Email_error.htm,1,http,1,1,1,0,0,dhlmail,0,2
1,1,1,mirazfood.com,2,1,1,1,0,0,/update/New/success.php,1,http,1,1,1,0,0,,1,0
1,1,1,paypal.gb-ppsweb.com,1,1,1,1,0,0,/sd/,2,http,1,1,1,0,1,paypal,0,0
1,1,1,www.radaradt.com,2,1,1,1,0,0,/portal/libraries/gantry/images/iphone/js/zawd.php,1,http,1,1,1,0,0,www,0,2
1,1,1,www.radaradt.com,2,1,1,1,0,0,/portal/libraries/gantry/images/iphone/esp/esp.php,1,http,1,1,1,0,0,www,0,2
1,1,1,www.radaradt.com,2,1,1,1,0,0,/portal/libraries/gantry/facets/menu/themes/touch/esp/zessd.php,1,http,1,1,1,0,0,www,0,1
1,1,1,www.nanotechnopolis.com,1,1,1,1,0,0,/validdocument/,1,http,1,1,1,0,0,www,0,0
1,1,1,www.nanotechnopolis.com,1,1,1,1,0,0,/validdocument/9dbe7127e25a7065795f971452e848c0/,1,http,1,1,1,0,0,www,0,1
1,1,1,www.nanotechnopolis.com,1,1,1,1,0,0,/viewdocs/216a90999c44c5fba9a4df02e696bd37/,1,http,1,1,1,0,0,www,0,2
1,1,1,www.nanotechnopolis.com,1,1,1,1,0,0,/viewdocs/,2,http,1,1,1,0,0,www,0,0
1,1,1,netlflex-001-site1.1tempurl.com,1,1,1,1,0,0,/isnm/,2,http,1,1,1,0,0,netlflex-001-site1,1,0
1,1,1,www.unitedkingdomimmigrationservices.org,1,1,1,1,0,0,/jj_jp/ab915942e58c760ebd16ed102c0a54e2/,1,http,1,1,1,0,0,www,0,1
1,1,1,www.unitedkingdomimmigrationservices.org,1,1,1,1,0,0,/jj_jp/,2,http,1,1,1,0,0,www,0,2
1,1,1,c3pluscs.com,2,1,1,1,0,0,/secured/index.php,1,http,1,1,1,0,0,,1,0
1,1,1,www.skytel.lk,2,1,0,1,0,0,/bofa/home/login.php,1,http,1,1,1,0,0,www,0,0
1,1,1,www.radaradt.com,2,1,1,1,0,0,/portal/libraries/gantry/html/layouts/html/xewsaq.php,1,http,1,1,1,0,0,www,0,1
1,1,1,lightshadeinc.com,1,1,1,1,0,0,/wp-content/dropbox/dropbox/,1,http,1,1,1,0,0,,1,0
1,1,1,www.eladorno.co,2,1,1,1,0,0,/de/index.htm,2,http,1,1,1,0,0,www,0,0
1,1,1,new72matchphotos.890m.com,1,1,1,1,0,0,/index.htm,2,http,1,1,1,0,0,new72matchphotos,2,0
1,1,1,p0f.desi,0,1,0,1,0,0,/Login_to_Your_Account(9).htm,1,http,1,1,1,0,0,,1,0
1,1,1,bitly.com,0,1,1,1,0,0,/a/warning,2,https,1,1,1,0,0,,1,1
1,1,1,goodnessvanillalive.com,1,1,1,1,0,0,/xupx/chinko/index.php,1,http,1,1,1,0,0,,1,2
1,1,1,gusp.pt,0,1,0,1,0,0,/olasa/driveup/df1300056d9b054301c0650015536105/login.php,1,http,1,1,1,0,0,,1,2
1,1,1,previewphotos.16mb.com,1,1,1,1,0,0,/,0,http,1,1,0,0,0,previewphotos,2,0
1,1,1,matchphotos021.96.lt,1,1,0,1,0,0,/index.htm,2,http,1,1,1,0,0,matchphotos021,2,0
1,1,1,karikari.com.br,2,1,0,1,0,0,/wa_gallery/,2,http,1,1,1,0,0,,1,0
1,1,1,innoscript.nl,2,1,0,1,0,0,/paypal-customer/webapps/c74b1/websrc,1,http,1,1,1,0,0,,1,2
1,1,1,searchtripdeals.com,1,1,1,1,0,0,/!!..HXtR77LffQ..!!/home/,1,http,1,1,1,0,0,,1,0
1,1,1,platerom.ro,2,1,0,1,0,0,/mygenlvl/products/viewer.php,1,http,1,1,1,0,0,,1,0
1,1,1,piewerks.com,2,1,1,1,0,0,/chinex/ogs/draft/mail.htm,1,http,1,1,1,0,0,,1,1
1,1,1,festivalbecause.org,1,1,1,1,0,0,/boks/rap/olsag/almiu.html,1,http,1,1,1,0,0,,1,1
1,1,1,superhousepictures.com,1,1,1,1,0,0,/dhl/awb/tracking/DHL%20AUTO/dhl.php,1,http,1,1,1,0,0,,1,1
1,1,1,liceosanconrado.cl,1,1,0,1,0,0,/836gsg5/casts/,1,http,1,1,1,0,0,,1,0
1,1,1,verifyonline.live,1,1,0,1,0,0,/new/hass/e175e0395a5fcceb980485ac37f043f1/login.html,1,https,1,1,1,0,0,,1,1
1,1,1,oa.ying-zhuo.com,2,1,1,1,0,0,/bbsnew/utrasfc/harghi.html,1,http,1,1,1,0,0,oa,0,0
1,1,1,goo.gl,0,1,0,1,0,0,/dJIYS9,2,https,1,1,1,0,0,,1,1
1,1,1,eveannlovero.com,2,1,1,1,0,0,/modules/footer/mp/autoexcel/excel/index.php,1,http,1,1,1,0,1,,1,1
1,1,1,www.100clubchicago.org,1,1,1,1,0,0,/asset/office/350/,1,http,1,1,1,0,0,www,0,0
1,1,1,paypal.gb-ppsweb.com,1,1,1,1,0,0,/sd/confirm.php,1,http,1,1,1,0,0,paypal,0,2
1,1,1,www.polyplanltd.com,1,1,1,1,0,0,/js/en/,2,https,1,1,1,0,1,www,0,0
1,1,1,hubenbartl.at,2,1,0,1,0,0,/www.google.com/,1,http,1,1,1,0,0,,1,0
1,1,1,www.radaradt.com,2,1,1,1,0,0,/portal/libraries/gantry/facets/menu/themes/touch/esp//mxea.php,1,http,1,1,1,0,0,www,0,1
1,1,1,www.ecutrack.com,2,1,1,1,0,0,/box1/dropbx.php,1,http,1,1,1,0,0,www,0,0
1,1,1,gsl.xiyoukeji.com,1,1,1,1,0,0,/ueditor/feed/zabbbbbbi.html,1,http,1,1,1,0,0,gsl,0,0
1,1,1,manieyt.tk,2,1,0,1,0,0,/,0,http,1,1,1,0,1,,1,2
1,1,1,amazon-check-81.de-support.ru,1,1,0,1,0,0,/vetos/anmelden.php,1,http,1,1,1,0,0,amazon-check-81,2,1
1,1,1,manage.apple.com.webobjectsd5dbc98dcc983a7028bd82d1a47541.divinityhousingprojects.com,1,1,1,1,1,0,/7ae1c6c2293e74bc814747a63bde302f/login.html,1,http,1,1,1,0,0,manage.apple.com.webobjectsd5dbc98dcc983a7028bd82d1a47541,1,1
1,1,1,omahcorp.co.id,2,1,0,1,0,0,/dx/b0028c287609714d60df89942ca88094/,1,http,1,1,1,0,0,,1,2
1,1,1,deltaseguridadbolivia.com,1,1,1,1,0,0,/img/public/,2,http,1,1,1,0,0,,1,0
1,1,1,igforweddingpros.com,1,1,1,1,0,0,/hhhhhhh/driveup/66dc158d3547ff71bd59d802589a4704/login.php,1,http,1,1,1,0,0,,1,1
1,1,1,omahcorp.co.id,2,1,0,1,0,0,/dx/012962f7ce4c0854415e6bd264535560/,1,http,1,1,1,0,0,,1,2
1,1,1,i-house.se,2,1,0,1,0,0,/wp-trackback/en/,1,http,1,1,1,0,0,,1,1
1,1,1,cic.com.jo,2,1,0,1,0,0,/libraries/openid/Auth/OpenID/system/login.php,1,http,1,1,1,0,0,,1,1
1,1,1,ad-blockeds.com,2,1,1,1,0,0,/--/www.impots.gouv.fr/file/dd14aa66803d699fee4b16424002d39d/,1,http,1,1,1,0,0,,1,1
1,1,1,ad-blockeds.com,2,1,1,1,0,0,/--/www.impots.gouv.fr/file/cf036cb9af9ed6833821231c37a85a51/,1,http,1,1,1,0,0,,1,1
1,1,1,town-el.com,2,1,1,1,0,0,/images/metalware/xkzero/docusign.com/ldcs/index.php,1,http,1,1,1,0,0,,1,2
1,1,1,www.scoreyourexback.com,1,1,1,1,0,0,/aol.net/www.aol.com/,1,http,1,1,1,0,0,www,0,0
1,1,1,nanotechnopolis.com,1,1,1,1,0,0,/validdocument/f4d2dfb73a486890c95a3b59d9090b5f/,1,http,1,1,1,0,0,,1,2
1,1,1,saughallmassie.org,1,1,1,1,0,0,/we/seniorpeoplemeet/v3/login.html,1,http,1,1,1,0,0,,1,2
1,1,1,www.paypal-resolveds.com.informations-payments.nut.cc,1,1,0,1,1,0,/webapps/11fe9/websrc,1,http,1,1,1,0,0,www.paypal-resolveds.com.informations-payments,1,1
1,1,1,uesi.aesbiz.com,2,1,1,1,0,0,/wp-content/themes/twentyfifteen/inc/monn.htm,1,http,1,1,1,0,0,uesi,0,2
1,1,1,www.lhndemo.com,2,1,1,1,0,0,/wp-css/update.html,1,http,1,1,1,0,0,www,0,0
1,1,1,www.abcroadandlockassistance.com,1,1,1,1,0,0,/IWA/GD/,2,http,1,1,1,0,1,www,0,0
1,1,1,www.sanitaire-express.fr,1,1,0,1,0,0,/skin/frontend/AdobeVerify/index.html,1,http,1,1,1,0,0,www,0,2
1,1,1,www.eventhire4u.com,1,1,1,1,0,0,/parosky/c20fc985e383229ad100f434ac404397/,1,http,1,1,1,0,0,www,0,2
1,1,1,crimsonadvisorygroup.com,1,1,1,1,0,0,/wp-admin/online-banking/Cappi/last.php,1,http,1,1,1,0,0,,1,2
1,1,1,crimsonadvisorygroup.com,1,1,1,1,0,0,/wp-admin/online-banking/Cappi/One360.php,1,http,1,1,1,0,0,,1,2
1,1,1,hoiniki.by,2,1,0,1,0,0,/wp-content/ngg/modules/1/sa/admin.html,1,http,1,1,1,0,0,,1,1
1,1,1,hoiniki.by,2,1,0,1,0,0,/wp-content/ngg/modules/1/sa/index.php,1,http,1,1,1,0,0,,1,2
1,1,1,www.nnordson.com,2,1,1,1,0,0,/%7b%7d/781687308acaa5e461dab88736b39e34/,1,http,1,1,1,0,0,www,0,2
1,1,1,brimkers.com,2,1,1,1,0,0,/ausinvcontracts/ms/,1,http,1,1,1,0,0,,1,0
1,1,1,shop.luigibaldo.com,1,1,1,1,0,0,/cloud/logintoyouraccount.securebilling/mi/index/web/,1,http,1,1,1,0,0,shop,0,1
1,1,1,shop.luigibaldo.com,1,1,1,1,0,0,/cloud/logintoyouraccount.securebilling/mi/index/web/,1,http,1,1,1,0,0,shop,0,1
1,1,1,besame.com,2,1,1,1,0,0,/buscador/china/,1,http,1,1,1,0,0,,1,0
1,1,1,tetedebois.ca,2,1,1,1,0,0,/wonderland/Gdoccc/,1,https,1,1,1,0,0,,1,0
1,1,1,freestyle.d934713.u-telcom.net,1,1,1,1,1,0,/Boa_Fud_2016/home/login.php,1,http,1,1,1,0,0,freestyle.d934713,1,1
1,1,1,zovermedical.com.sa,1,1,0,1,0,0,/worthie/aptgd/,1,http,1,1,1,0,0,,1,0
1,1,1,cic.com.jo,2,1,0,1,0,0,/libraries/openid/Auth/OpenID/system/login.php,1,http,1,1,1,0,0,,1,1
1,1,1,nanotechnopolis.com,1,1,1,1,0,0,/validdocument/38db23899b2225acc540a2cc9b4dae45/,1,http,1,1,1,0,0,,1,2
1,1,1,nanotechnopolis.com,1,1,1,1,0,0,/viewdocs/a09cfd617135eb9c20d0bb6fd6cdd9c9/,1,http,1,1,1,0,0,,1,2
1,1,1,kohchang-holidays.com,1,1,1,1,0,0,/t-online/t0nline/user-verify.htm,1,http,1,1,1,0,0,,1,2
1,1,1,www.web2sale.com,2,1,1,1,0,0,/wordpress/wp-content/upgrade/pnc.htm,1,http,1,1,1,0,0,www,0,2
1,1,1,capsilab.com,2,1,1,1,0,0,/wp-admin/css/colors/adobepdf/,1,http,1,1,1,0,0,,1,0
1,1,1,scoreyourexback.com,1,1,1,1,0,0,/aol.net/www.aol.com/index.htm,1,http,1,1,1,0,0,,1,2
1,1,1,deliziedallasicilia.com,1,1,1,1,0,0,/view2/file/index.php,1,https,1,1,1,0,0,,1,2
1,1,1,www.apple2api.com,1,1,1,1,0,0,/indexx.html,2,http,1,1,1,0,0,www,0,0
1,1,1,hoiniki.by,2,1,0,1,0,0,/wp-content/ngg/modules/1/sa/admin.html,1,http,1,1,1,0,0,,1,1
1,1,1,hoiniki.by,2,1,0,1,0,0,/wp-content/ngg/modules/1/sa/admin.html,1,http,1,1,1,0,0,,1,1
1,1,1,fsdressbd.com,2,1,1,1,0,0,/Resources/libraries/KJI/crypt/index.html,1,http,1,1,1,0,0,,1,2
1,1,1,usnnvery.hol.es,2,1,0,1,0,0,/US.BANK/USDB/Home/home/auth/,1,http,1,1,1,0,0,usnnvery,0,0
1,1,1,d662653.u-telcom.net,1,1,1,1,0,0,/gggg/ayo1/,2,http,1,1,1,0,0,d662653,0,0
1,1,1,abcroadandlockassistance.com,1,1,1,1,0,0,/IWA/GD/,2,http,1,1,1,0,1,,1,0
1,1,1,d662653.u-telcom.net,1,1,1,1,0,0,/ggg/ayo1/,2,http,1,1,1,0,0,d662653,0,0
1,1,1,lhndemo.com,2,1,1,1,0,0,/wp-css/update.html,1,http,1,1,1,0,0,,1,0
1,1,1,town-el.com,2,1,1,1,0,0,/images/furniture/living-room/nrpgroup/docusign.com/ldcs/index.php,1,http,1,1,1,0,0,,1,1
1,1,1,zip.net,0,1,1,1,0,0,/bltHKt,2,http,1,1,0,0,0,,1,0
1,1,1,desertsportswear.com,1,1,1,1,0,0,/bankofamerica.com/c90da847db9803c2dc7bc28bfb1f52fc/,1,http,1,1,1,0,0,,1,1
1,1,1,desertsportswear.com,1,1,1,1,0,0,/bankofamerica.com/b3bd4cd09ccfad2b4cc886674ed0f034/,1,http,1,1,1,0,0,,1,1
1,1,1,desertsportswear.com,1,1,1,1,0,0,/bankofamerica.com/0851e47ba18dffc71d7473a5d26ede59/,1,http,1,1,1,0,0,,1,1
1,1,1,1drv.ms,0,1,0,1,0,0,/xs/s!AvfOtwj8HUk3lALJBGk-H9s1dhiC,1,https,1,1,1,0,0,,1,0
1,1,1,ardobiejewska.pl,2,1,0,1,0,0,/libraries/phputf8/mbstring/adb/nix.html,1,http,1,1,1,0,0,,1,2
1,1,1,mkt-santa.000webhostapp.com,1,1,1,1,0,0,/app/dados.php,2,https,1,1,1,0,0,mkt-santa,0,0
1,1,1,protokolo.com,2,1,1,1,0,0,/plugins/system/highlight/highlight.html,1,https,1,1,1,0,0,,1,2
1,1,1,www.southerncomfortmechanical.ca,1,1,1,1,0,0,/confirmation-account/information-account.updates/webapps/2f93a/websrc,1,http,1,1,1,0,0,www,0,1
1,1,1,novotelbd.asia,2,1,0,1,0,0,/blooding/drpbdocs/,1,https,1,1,1,0,0,,1,0
1,1,1,sll.well.com.mangtonics.in,1,1,0,1,1,0,/WellsNew/,2,http,1,1,1,0,0,sll.well.com,2,0
1,1,1,bestincs.com,2,1,1,1,0,0,/Dropbox/Dropbox/Dropbox/WS/8544b70514b0449d008c7091a66d58f9/contlnue.php,1,http,1,1,1,0,0,,1,1
1,1,1,confluentc.com,2,1,1,1,0,0,/images/excelfile/74432a853b79550cdab03dbb6bbd3497/,1,http,1,1,1,0,0,,1,2
1,1,1,revistatourgourmet.com,1,1,1,1,0,0,/tmp/mail-box/TnpBNE16VTFPRGc1/,1,http,1,1,1,0,0,,1,2
1,1,1,capsilab.com,2,1,1,1,0,0,/wp-admin/css/colors/midnight/adobepdf/error.html,1,http,1,1,1,0,0,,1,2
1,1,1,www.nnordson.com,2,1,1,1,0,0,/%7b%7d/1ccc2a9663830e10a51f54c41ff20bfd/,1,http,1,1,1,0,0,www,0,2
1,1,1,cover-acct6445.esy.es,1,1,0,1,0,0,/index.html,2,http,1,1,1,0,0,cover-acct6445,2,0
1,1,1,wildfor.life,2,1,0,1,0,0,/share/139/html/dfvAGds/doc147/74353cee37c9ecb6a451bc954bafca10/,1,https,1,1,1,0,0,,1,1
1,1,1,daydo-app.com,2,1,1,1,0,0,/ibeacon/configuration/Billing/information/verification/secure/center/amz/moises/4da943b781212f12af6a38cec88316f4/welog.php,1,https,1,1,1,0,0,,1,1
1,1,1,www.ornamentmania.com,1,1,1,1,0,0,/lib/gdoc-secure/gtex,1,http,1,1,1,0,0,www,0,0
1,1,1,ioannasakellaraki.com,1,1,1,1,0,0,/log/,2,http,1,1,0,0,0,,1,0
1,1,1,hetys.com,0,1,1,1,0,0,/1/1/3a05e762b509f0ce34759e521fab7ff5/,1,http,1,1,1,0,0,,1,2
1,1,1,centreforcorporatecoaching.com,1,1,1,1,0,0,/okaposa/engauto189/mailbox/mailbox/,1,http,1,1,1,0,0,,1,1
1,1,1,ansti.org,0,1,1,1,0,0,/email/gmail/login.php,1,http,1,1,1,0,0,,1,0
1,1,1,lilistephens.com,2,1,1,1,0,0,/2017/5634/,2,http,1,1,1,0,0,,1,0
1,1,1,michiganlegacyrun.org,1,1,1,1,0,0,/wp-includes/images/media/docs/f9a9ed0650facc5c38a2e610e70531cc/,1,http,1,1,1,0,0,,1,1
1,1,1,michiganlegacyrun.org,1,1,1,1,0,0,/wp-includes/images/media/docs/ecf6e39f4c4c31ce30a7ab3b73013d63/,1,http,1,1,1,0,0,,1,1
1,1,1,michiganlegacyrun.org,1,1,1,1,0,0,/wp-includes/images/media/docs/cb526d16caaa76162cf2058f1e4e13b0/,1,http,1,1,1,0,0,,1,1
1,1,1,michiganlegacyrun.org,1,1,1,1,0,0,/wp-includes/images/media/docs/66ec98fade446a1d5aaee83ecca64008/,1,http,1,1,1,0,0,,1,1
1,1,1,liceosanconrado.cl,1,1,0,1,0,0,/02364LOJD/casts/,1,http,1,1,1,0,0,,1,0
1,1,1,michiganlegacyrun.org,1,1,1,1,0,0,/wp-includes/images/media/docs/1f5b3affcbd626772a3bb23d1cbae1b9/,1,http,1,1,1,0,0,,1,1
1,1,1,michiganlegacyrun.org,1,1,1,1,0,0,/wp-includes/images/media/docs/0980832a9d883da9ec7411b5161fdee6/,1,http,1,1,1,0,0,,1,1
1,1,1,lambabajunior.com,1,1,1,1,0,0,/gaz/Googledrt1/login.php,1,http,1,1,1,0,0,,1,0
1,1,1,www.contasinativas.caixa.gov.br-fgts.gov.br.trabalhador.servicos_online.saldo_fgts.asp.cs31547.tmweb.ru,1,1,0,1,1,0,/oferta.cliente,1,http,1,1,1,0,1,www.contasinativas.caixa.gov.br-fgts.gov.br.trabalhador.servicos_online.saldo_fgts.asp.cs31547,1,1
1,1,1,www.adsensemart.com,1,1,1,1,0,0,/dp/ayo1/ayo1/,2,http,1,1,1,0,1,www,0,0
1,1,1,almihrab.com.my,2,1,0,1,0,0,/dhl/adobelatest/adobe/,1,http,1,1,1,0,0,,1,0
1,1,1,acr.suisscard.ch.secure3.registrierung.suisstip.info,1,1,0,1,1,0,/,0,http,1,1,1,0,0,acr.suisscard.ch.secure3.registrierung,1,2
1,1,1,murraylorri145.000webhostapp.com,1,1,1,1,0,0,/linkedsneed in page (1)/linkedsneed in page/index.html,1,https,1,1,1,0,0,murraylorri145,2,1
1,1,1,ativar-cadastro.pe.hu,1,1,0,1,0,0,/ml/ml/mercadolivre/,1,http,1,1,1,0,1,ativar-cadastro,2,0
1,1,1,madilina.com,2,1,1,1,0,0,/wordpress/error_txt/validate.htm,1,http,1,1,1,0,0,,1,0
1,1,1,internetbod.com,2,1,1,1,0,0,/pod/,2,http,1,1,1,0,0,,1,2
1,1,1,cover-acct0020.esy.es,1,1,0,1,0,0,/index.html,2,http,1,1,1,0,0,cover-acct0020,2,0
1,1,1,cover-acct5438.esy.es,1,1,0,1,0,0,/index.html,2,http,1,1,1,0,0,cover-acct5438,2,0
1,1,1,77.194.54.247,2,1,1,1,1,0,/wordpress/online.hmrc.gov.uk/index.php,1,http,1,1,1,0,0,,1,2
1,1,1,email.windwardalerts.com,1,1,1,1,0,0,/c/eJxtjjFvwyAQhX-NvVQgOIMhA0PSONkytNkrfJDElR0sjGX535eokoeqy9Ppe_fuHZp1Ny596Yyzddti2RlgXDHJgEMluaZVrYEKCVpQLvXppJtDIdjSPd1io7O9j2miGIbyYQA1olOtUO1NWkThAVSrdrVAjnizZW_-yUXz7WNc6RAeMV8O0d_Dc0o2eerdXA4rwXlKYSDOJmsKdSgAPprzcX9t8lRU-6z555pwIFy_MZVRJbOApOy1Ae9Z7zHM41fntgjfrOSHsc91m6t--Wdzuf5tUYRJwuCF1PEHscdZow,1,http,1,1,1,0,0,email,0,1
1,1,1,baltkagroup.com,2,1,1,1,0,0,/mailcheck/source/,1,http,1,1,1,0,0,,1,0
1,1,1,owa1.everettwa.gov,1,1,1,1,0,0,/owa/redir.aspx,1,https,1,1,1,0,0,owa1,0,1
1,1,1,www.botecodomarianobit.com,1,1,1,1,0,0,/pages2/inter/home.html,1,http,1,1,1,0,0,www,0,2
1,1,1,premiosmastercard.esy.es,1,1,0,1,0,0,/W!645/index/,2,http,1,1,1,0,0,premiosmastercard,1,0
1,1,1,goo.gl,0,1,0,1,0,0,/JVVHeA,2,https,1,1,0,0,0,,1,0
1,1,1,bit.ly,0,1,0,1,0,0,/2qww0gG,2,http,1,1,0,0,0,,1,0
1,1,1,adsensemart.com,2,1,1,1,0,0,/dp/ayo1/ayo1/,2,http,1,1,1,0,1,,1,0
1,1,1,tauruswelding.com,1,1,1,1,0,0,/flight/stage/af/ad/ghjk/pvtd_clnt/index2.php,1,http,1,1,1,0,0,,1,2
1,1,1,c4cqk784.caspio.com,1,1,1,1,0,0,/dp.asp,2,https,1,1,1,0,0,c4cqk784,0,2
1,1,1,caixaonlinefgts.hostkda.com,1,1,1,1,0,0,/pages/,2,http,1,1,1,0,0,caixaonlinefgts,2,0
1,1,1,telegraphycoursemorse.com,1,1,1,1,0,0,/cielo/,2,http,1,1,0,0,0,,1,0
1,1,1,tinyurl.com,2,1,1,1,0,0,/mt5hquu,2,https,1,1,0,0,0,,1,0
1,1,1,contasinativascaixafgts.name,1,1,0,1,0,0,/caixa.gov.br/pages/inter/index.php,1,http,1,1,1,0,0,,1,2
1,1,1,signin.amazon.co.uk-prime.form-unsuscribe.id-7816.nproofing.com.au,1,1,0,1,1,0,/ren/op/,2,http,1,1,1,0,1,signin.amazon.co.uk-prime.form-unsuscribe.id-7816,1,1
1,1,1,primoframe.com,2,1,1,1,0,0,/amber/,2,http,1,1,0,0,1,,1,0
1,1,1,tinyurl.com,2,1,1,1,0,0,/katfbes,2,http,1,1,0,0,0,,1,0
1,1,1,consultabeneficiosmirror01.esy.es,1,1,0,1,0,0,/Consulta/acesso/,1,http,1,1,1,0,0,consultabeneficiosmirror01,1,2
1,1,1,tinyurl.com,2,1,1,1,0,0,/n8g7wy8,2,http,1,1,0,0,0,,1,0
1,1,1,adpportal.hol.es,2,1,0,1,0,0,/adp.payrollchanges/,1,http,1,1,1,0,0,adpportal,0,0
1,1,1,ts4.96.lt,0,1,0,1,0,0,/i/,2,http,1,1,1,0,0,ts4,0,0
1,1,1,diariapromotionspecial.com,1,1,1,1,0,0,/OFERTAS11910apc/produto.php,1,http,1,1,1,0,0,,1,1
1,1,1,innamorata.com.ar,1,1,0,1,0,0,/melodyfriespitchment/Docusign/index.php,1,http,1,1,1,0,0,,1,2
1,1,1,promotion-smart.com,1,1,1,1,0,0,/iphone5s.html,2,http,1,1,1,0,0,,1,0
1,1,1,designaxis.net,2,1,1,1,0,0,/secure-doc/DropNewVasion/Fresh/,1,http,1,1,1,0,0,,1,0
1,1,1,ornamentmania.com,1,1,1,1,0,0,/shell/gdoc-secure/gtex/,1,http,1,1,1,0,0,,1,0
1,1,1,euromina.com.vn,2,1,0,1,0,0,/%20%20/home/pessoa-fisica.php,1,http,1,1,1,0,0,,1,0
1,1,1,attlw.net,0,1,1,1,0,0,/m/cprodx.att.net/commonLogin/igate_edam/controller.html,1,http,1,1,1,0,0,,1,2
1,1,1,check-your-acct2017.esy.es,1,1,0,1,0,0,/index.html,2,http,1,1,1,0,0,check-your-acct2017,1,0
1,1,1,websitebuilder102.website.com,1,1,1,1,0,0,/ITservice1/,2,http,1,1,1,0,0,websitebuilder102,1,0
1,1,1,purchase-order.esy.es,1,1,0,1,0,0,/purchase/document.html,1,http,1,1,1,0,0,purchase-order,2,0
1,1,1,w-reia.com,2,1,1,1,0,0,/wichita/new.php,1,http,1,1,1,0,0,,1,1
1,1,1,xicksy.win,2,1,0,1,0,0,/xhht4ff2odc.html,1,http,1,1,1,0,0,,1,0
1,1,1,check-updates-app.hol.es,1,1,0,1,0,0,/logins.php,2,http,1,1,1,0,0,check-updates-app,1,0
1,1,1,check-updates-app.hol.es,1,1,0,1,0,0,/system-confirmation-fb,1,http,1,1,1,0,1,check-updates-app,1,2
1,1,1,mygosecure.com,2,1,1,1,0,0,/,0,http,1,1,1,0,0,,1,1
1,1,1,mygosecure.com,2,1,1,1,0,0,/,0,http,1,1,1,0,0,,1,1
1,1,1,www.hallwaystreetsigns.com,1,1,1,1,0,0,/pdfs/home/bfbe060107cd442c604ff0a69cc8a940/,1,http,1,1,1,0,0,www,0,1
1,1,1,chmsry.org.za,2,1,0,1,0,0,/Topultimatenew/product/products/,1,http,1,1,1,0,0,,1,0
1,1,1,centreforcorporatecoaching.com,1,1,1,1,0,0,/okaposa/engauto189/mailbox/mailbox/,1,http,1,1,1,0,0,,1,1
1,1,1,centreforcorporatecoaching.com,1,1,1,1,0,0,/okaposa/engauto189/mailbox/mailbox/,1,http,1,1,1,0,0,,1,1
1,1,1,advancemedical-sa.com,1,1,1,1,0,0,/file/review.pg/manage/,1,http,1,1,1,0,1,,1,0
1,1,1,yanluxe.com,2,1,1,1,0,0,/wp-content/themes/idstore/js/index.php,1,http,1,1,1,0,0,,1,2
1,1,1,www.sicoobcard.net.br,1,1,0,1,1,0,/413123/inicio.html,1,http,1,1,1,0,0,www,0,0
1,1,1,check091.hol.es,2,1,0,1,0,0,/log11.php,2,http,1,1,1,0,0,check091,0,0
1,1,1,supports01123.hol.es,1,1,0,1,0,0,/facebook-confirmation,1,http,1,1,1,0,0,supports01123,2,0
1,1,1,halpcenter-001acontscheck.esy.es,1,1,0,1,0,0,/recovery-chekpoint-login.html,1,http,1,1,1,0,0,halpcenter-001acontscheck,1,2
1,1,1,ecutrack.com,2,1,1,1,0,0,/box1/,2,http,1,1,0,0,0,,1,0
1,1,1,cop.com.pe,2,1,0,1,0,0,/wp-content/adobee/adobe.php,1,http,1,1,1,0,0,,1,0
1,1,1,shobiziems.com,2,1,1,1,0,0,/dreamforce/sess/ca43f279b087320cba6ba3087a8f1f39/,1,https,1,1,1,0,0,,1,2
1,1,1,lhhaokailighting.com,1,1,1,1,0,0,/wellsfargo.Gucci/identity.php,1,http,1,1,1,0,0,,1,2
1,1,1,siyacom.net,2,1,1,1,0,0,/listoforderitemsneededforurgentsupply/cgi-bin/fomfix/form/,1,http,1,1,1,0,0,,1,1
1,1,1,www.service-freeboxligne.com,1,1,1,1,0,0,/assurez/9ae75b651ab5a58462046a33308528b8/,1,http,1,1,1,0,0,www,0,1
1,1,1,service-freeboxligne.com,1,1,1,1,0,0,/assurez/,2,http,1,1,1,0,0,,1,0
1,1,1,tisch-und-decke.de,1,1,1,1,0,0,/Gon/cpanel/,2,http,1,1,1,0,0,,1,0
1,1,1,bunchyogurt.com,2,1,1,1,0,0,/wp-content/themes/x/framework/css/index.php,1,http,1,1,1,0,1,,1,1
1,1,1,confluentc.com,2,1,1,1,0,0,/images/excelfile/1bfc02a75ee568412279b969645fd856/,1,http,1,1,1,0,0,,1,2
1,1,1,wish4job.com,2,1,1,1,0,0,/page/mpelidrop.html,1,http,1,1,1,0,0,,1,0
1,1,1,mzansinet.co.za,2,1,0,1,0,0,/log/all/d/DHL%20AUTO/,1,http,1,1,1,0,0,,1,0
1,1,1,recoveri-legalfb-acct2017.esy.es,1,1,0,1,0,0,/index.html,2,http,1,1,1,0,0,recoveri-legalfb-acct2017,1,0
1,1,1,cover-acct0926.esy.es,1,1,0,1,0,0,/index.html,2,http,1,1,1,0,0,cover-acct0926,2,0
1,1,1,resolve-acct6548.esy.es,1,1,0,1,0,0,/recovery-chekpoint-login.html,1,http,1,1,1,0,0,resolve-acct6548,2,2
1,1,1,yeusinhly.com.vn,2,1,0,1,0,0,/t.php,2,http,1,1,1,0,0,,1,0
1,1,1,yeusinhly.com.vn,2,1,0,1,0,0,/themes/in.php,2,http,1,1,1,0,0,,1,0
1,1,1,www.sqi-mail.com,2,1,1,1,0,0,/Dropbox/d231f317f2b3e9015b76d9fff7746648/verify.php,1,http,1,1,1,0,0,www,0,2
1,1,1,mdllanos.com,2,1,1,1,0,0,/wp/qouta/Aldomain/mailbox/domain/,1,http,1,1,1,0,1,,1,0
1,1,1,baitherbackreview.com,1,1,1,1,0,0,/wp-content/gtex/,1,http,1,1,1,0,1,,1,0
1,1,1,amirerfanian.ir,2,1,0,1,0,0,/wp-admin/ivxn/home/,1,http,1,1,1,0,0,,1,0
1,1,1,habercinimnette.tk,1,1,0,1,0,0,/index2.php,2,http,1,1,1,0,0,,1,0
1,1,1,www.santiagoingaramo.com.ar,1,1,0,1,2,0,/tmp/Google101/Google/dld/us/,1,http,1,1,1,0,0,www,0,2
1,1,1,footkre.in,2,1,0,1,0,0,/docusingn/index.php,1,https,1,1,1,0,0,,1,0
1,1,1,www.maxiking.com.bo,1,1,0,1,2,0,/LLC/Limited/,2,http,1,1,1,0,0,www,0,0
1,1,1,support-5560.hol.es,1,1,0,1,0,0,/log1.php,2,http,1,1,1,0,0,support-5560,2,0
1,1,1,www.geko.fr,2,1,0,1,0,0,/components/com_contact/models/new/1.php,1,http,1,1,1,0,0,www,0,2
1,1,1,mskindia.net,2,1,1,1,0,0,/security/frontier/frontier.html,1,https,1,1,1,0,0,,1,0
1,1,1,innoscript.nl,2,1,0,1,0,0,/paypal-customer/webapps/,1,http,1,1,1,0,0,,1,0
1,1,1,himatemia.undip.ac.id,1,1,0,1,1,0,/wp-content/uploads/2017/02/Zeska_seznam_verify-email_security/general_login.htm,1,http,1,1,1,0,0,himatemia,0,1
1,1,1,13453765871837679316.googlegroups.com,1,1,1,1,0,0,/attach/5ed5d019a6363180/docfile..htm,1,http,1,1,1,0,0,13453765871837679316,1,1
1,1,1,www.andrewrobertsllc.info,1,1,0,1,0,0,/adobe/adb/83d3ff008ee17e6bcc985ac921303666/index2.htm,1,http,1,1,1,0,0,www,0,1
1,1,1,bit.ly,0,1,0,1,0,0,/2oOkGv9,2,http,1,1,0,0,0,,1,0
1,1,1,www.stchartered.com,1,1,1,1,0,0,/images/adb/,2,http,1,1,1,0,0,www,0,0
1,1,1,cihancelikonline.com,1,1,1,1,0,0,/wp-content/upgrade/logining.php,1,http,1,1,1,0,0,,1,2
1,1,1,familyinsuranceservices.com,1,1,1,1,0,0,/-/am/,2,https,1,1,0,0,0,,1,0
1,1,1,stchartered.com,2,1,1,1,0,0,/images/adb/,2,http,1,1,1,0,0,,1,0
1,1,1,www.whatsapservice.com,1,1,1,1,0,0,/Teamprodnationalstation/Idnumber6546546546548/client-update-5fgh5f4gh65df4h6d5f4h6df5h46f5h46dfh54df6h54df6h45df65465f45fdh64dhfg546df4g6sdg546sdg94/pp/,1,http,1,1,1,0,0,www,0,1
1,1,1,andrewrobertsllc.info,1,1,0,1,0,0,/adobe/adb/,2,http,1,1,1,0,0,,1,0
1,1,1,www.jsb.ac.in,2,1,0,1,1,0,/notice/cool.php,1,http,1,1,1,0,0,www,0,0
1,1,1,posmogo.com,2,1,1,1,0,0,/securee.php,2,http,1,1,1,0,0,,1,0
1,1,1,gem.tools,0,1,0,1,0,0,/shell/dejiwire/fmsk/garyspeed/165957739e5e07bdb83b0c3b9799899a/,1,https,1,1,1,0,0,,1,1
1,1,1,radiocatolicalaconsentida.com,1,1,1,1,0,0,/funciones/oba/DHLAUTO/DHLAUTO/DHL%20AUTO/dhl.php,1,http,1,1,1,0,0,,1,1
1,1,1,radiocatolicalaconsentida.com,1,1,1,1,0,0,/funciones/oba/DHLAUTO/DHLAUTO/DHL%20AUTO/dhl.php,1,http,1,1,1,0,0,,1,1
1,1,1,radiocatolicalaconsentida.com,1,1,1,1,0,0,/funciones/oba/DHLAUTO/DHLAUTO/DHL%20AUTO/dhl.php,1,http,1,1,1,0,0,,1,1
1,1,1,radiocatolicalaconsentida.com,1,1,1,1,0,0,/funciones/oba/DHLAUTO/DHLAUTO/DHL%20AUTO/dhl.php,1,http,1,1,1,0,0,,1,1
1,1,1,medixasia.com,2,1,1,1,0,0,/ADE/GD/,2,http,1,1,1,0,1,,1,0
1,1,1,www.con-v-air.com,1,1,1,1,0,0,/oxylus/Gee--mpp/Valid/a3356904,1,http,1,1,1,0,0,www,0,2
1,1,1,incrivelpromocaomaster17.16mb.com,1,1,1,1,0,0,/registro.php,2,http,1,1,1,0,0,incrivelpromocaomaster17,1,0
1,1,1,www.mastercardpromocao.16mb.com,1,1,1,1,2,0,/,0,http,1,1,1,0,0,www.mastercardpromocao,1,0
1,1,1,www.mastercardpromocao.16mb.com,1,1,1,1,1,0,/registro.php,2,http,1,1,1,0,0,www.mastercardpromocao,1,0
1,1,1,varietytransport.com,1,1,1,1,0,0,/wp-includes/SimplePie/XML/Declaration/L/,1,http,1,1,1,0,0,,1,2
1,1,1,www.nnordson.com,2,1,1,1,0,0,/%7b%7d/fe81304e4ba595a0538731019149d319/,1,http,1,1,1,0,0,www,0,2
1,1,1,dothothinhvuong.vn,1,1,0,1,0,0,/wp-content/uploads/2017/02/d/ayo1/ayo1/ayo1/,1,http,1,1,1,0,1,,1,2
1,1,1,tetedebois.ca,2,1,1,1,0,0,/wonderland/Gdoccc/,1,http,1,1,1,0,0,,1,0
1,1,1,ibcnews.pk,2,1,0,1,0,0,/admin/chasee/fcc.php,1,http,1,1,1,0,0,,1,1
1,1,1,www.landsnfields.com,1,1,1,1,0,0,/dropbox/dropbox/,1,http,1,1,1,0,0,www,0,0
1,1,1,dothothinhvuong.vn,1,1,0,1,0,0,/wp-content/confg/ayo1/ayo1/ayo1/,1,http,1,1,1,0,1,,1,2
1,1,1,oneworldorganisation.org,1,1,1,1,0,0,/plugins/minify/lib/Minify/doc/06f8d0ce7283668dee7379045197d3f9/,1,http,1,1,1,0,0,,1,1
1,1,1,masgie.com,2,1,1,1,0,0,/zfilom5/newdropbox/,1,http,1,1,1,0,0,,1,0
1,1,1,lepoker-en-ligne.com,1,1,1,1,0,0,/wp-admin/posh.htm,1,http,1,1,1,0,0,,1,0
1,1,1,wickedsickness.com,1,1,1,1,0,0,/lkjshx/mailbox/index.php,1,http,1,1,1,0,0,,1,2
1,1,1,hibbfamily.com,2,1,1,1,0,0,/wp-admin/%5b%5d/7129188770da3d33ef3c4f12317e5c20/,1,http,1,1,1,0,0,,1,2
1,1,1,andrewrobertsllc.info,1,1,0,1,0,0,/adobe/adb/1b87d29e90795df51877cd86cec2538a/index2.htm,1,http,1,1,1,0,0,,1,1
1,1,1,mhasantech.com,2,1,1,1,0,0,/wp-content/plugins/woocommerce/templates/global/you.have-75nab/,1,http,1,1,1,0,1,,1,1
1,1,1,vermolicas.for-our.info,1,1,0,1,0,0,/hescientiststravelled/ontworesearchvessels/almostkilometresfrom/ichangtothenearbyhree/loginfile/foo-autenticazione.php,1,http,1,1,1,0,0,vermolicas,2,1
1,1,1,bem.undip.ac.id,2,1,0,1,1,0,/zpo/1/index.htm,1,http,1,1,1,0,0,bem,0,0
1,1,1,grannyflat-s.com.au,1,1,0,1,0,0,/data/domainz/review/,1,http,1,1,1,0,1,,1,0
1,1,1,bit.ly,0,1,0,1,0,0,/2pxbgJo,2,http,1,1,0,0,0,,1,0
1,1,1,masterpremiopravoce.esy.es,1,1,0,1,0,0,/index7/cadastro/registro.php,1,http,1,1,1,0,0,masterpremiopravoce,1,2
1,1,1,grannyflat-s.com.au,1,1,0,1,0,0,/data/domainz/domainz/review/,1,http,1,1,1,0,1,,1,2
1,1,1,alphasolutions.com.pk,1,1,0,1,0,0,/dl/054d01b/login.html,1,http,1,1,1,0,0,,1,1
1,1,1,fb-securityloginfo405txt.esy.es,1,1,0,1,0,0,/recovery-chekpoint-login.html,1,http,1,1,1,0,0,fb-securityloginfo405txt,1,2
1,1,1,protecfb-error-404.esy.es,1,1,0,1,0,0,/recovery-chekpoint-login.html,1,http,1,1,1,0,0,protecfb-error-404,1,2
1,1,1,fbscurerescekpoint23.esy.es,1,1,0,1,0,0,/recovery-chekpoint-login.html,1,http,1,1,1,0,0,fbscurerescekpoint23,1,2
1,1,1,samaalreem.com,2,1,1,1,0,0,/pedrodoc/index.html,1,https,1,1,1,0,0,,1,0
1,1,1,alpa.co.za,2,1,0,1,0,0,/modules/mod_feed/pay/index.html,1,http,1,1,1,0,0,,1,0
1,1,1,greatwesterncatskills.com,1,1,1,1,0,0,/z/,2,https,1,1,0,0,0,,1,0
1,1,1,agenmurahgrosir.com,1,1,1,1,0,0,/page/Bofa/security.php,1,http,1,1,1,0,0,,1,0
1,1,1,ecutrack.com,2,1,1,1,0,0,/box1/dropbx.php,1,http,1,1,1,0,0,,1,1
1,1,1,primoframe.com,2,1,1,1,0,0,/jimmy/,2,http,1,1,0,0,0,,1,0
1,1,1,wpcgwadar.com,2,1,1,1,0,0,/iyawoee/aptgd/,1,http,1,1,1,0,0,,1,0
1,1,1,mobile-free.metulwx.com,1,1,1,1,0,0,/mobile/impaye/e413ea8afcc080a62afbbd4a53ae798f/,1,http,1,1,1,0,0,mobile-free,2,1
1,1,1,www.chevysportsman.com,1,1,1,1,0,0,/xxxxx/Aol/aol.htm,1,http,1,1,1,0,0,www,0,0
1,1,1,freestyle.d934713.u-telcom.net,1,1,1,1,1,0,/Boa_Fud_2016/home/login.php,1,http,1,1,1,0,0,freestyle.d934713,1,1
1,1,1,worldtekevents.com,1,1,1,1,0,0,/drive/drive/,2,http,1,1,1,0,0,,1,0
1,1,1,wickedsickness.com,1,1,1,1,0,0,/gb/tracking.php,1,http,1,1,1,0,0,,1,0
1,1,1,tauruswelding.com,1,1,1,1,0,0,/apply/eg/dg/wet/gfb/domain/pvtverify_clnt/index2.php,1,http,1,1,1,0,0,,1,1
1,1,1,tauruswelding.com,1,1,1,1,0,0,/apply/eg/dg/wet/gfb/domain/pvtverify_clnt/,1,http,1,1,1,0,0,,1,2
1,1,1,freenligne.com,2,1,1,1,0,0,/free-mobile/free/user_id-5906fa791243e-738/,1,http,1,1,1,0,0,,1,2
1,1,1,zaybtan.com,2,1,1,1,0,0,/blessedd/aptgd/index.php,1,http,1,1,1,0,0,,1,0
1,1,1,toplomashinex.com,1,1,1,1,0,0,/wp-includes/SimplePie/XML/Declaration/hua.htm,1,http,1,1,1,0,0,,1,2
1,1,1,www.zenhome.tn,2,1,0,1,0,0,/amsweb.php,2,http,1,1,1,0,0,www,0,1
1,1,1,lambabajunior.com,1,1,1,1,0,0,/gazal/Googledrt1/,1,http,1,1,1,0,0,,1,0
1,1,1,lambabajunior.com,1,1,1,1,0,0,/4wale/Googledrt1/,1,http,1,1,1,0,0,,1,0
1,1,1,lambabajunior.com,1,1,1,1,0,0,/pdf/Googledrt1/,1,http,1,1,1,0,0,,1,0
1,1,1,lambabajunior.com,1,1,1,1,0,0,/gman/Googledrt1/,1,http,1,1,1,0,0,,1,0
1,1,1,lambabajunior.com,1,1,1,1,0,0,/gaz/Googledrt1/,1,http,1,1,1,0,0,,1,0
1,1,1,blocked-notifications.co.nf,1,1,0,1,0,0,/confirm/index.htm,1,http,1,1,1,0,0,blocked-notifications,1,0
1,1,1,help-fb-contact.hol.es,1,1,0,1,0,0,/support/index.php,1,http,1,1,1,0,0,help-fb-contact,2,0
1,1,1,www.jobduties.org,1,1,1,1,0,0,/boj/bmg/,2,http,1,1,1,0,0,www,0,0
1,1,1,itbsbr.com,2,1,1,1,0,0,/lma/DHL/DHLExpress/autofil/id.php,1,http,1,1,1,0,0,,1,1
1,1,1,service-freeboxligne.com,1,1,1,1,0,0,/assurez/4ff270fc23e5092af4190f37237470a0/index_2.html,1,http,1,1,1,0,0,,1,1
1,1,1,service-freeboxligne.com,1,1,1,1,0,0,/assurez/4ff270fc23e5092af4190f37237470a0/,1,http,1,1,1,0,0,,1,2
1,1,1,brimkers.com,2,1,1,1,0,0,/ausinvcontracts/ms/al.php,1,http,1,1,1,0,0,,1,0
1,1,1,brimkers.com,2,1,1,1,0,0,/sfginvest/cdg/,1,http,1,1,1,0,0,,1,0
1,1,1,stchartered.com,2,1,1,1,0,0,/images/adb/4a6e07e3a67d6a683dc2d1cabcd51860/index2.htm,1,http,1,1,1,0,0,,1,1
1,1,1,jaymecares.com,2,1,1,1,0,0,/B/sound/edocz/s2/,1,http,1,1,1,0,0,,1,0
1,1,1,zioras.pl,0,1,0,1,0,0,/Gdocs/s/,2,http,1,1,1,0,0,,1,0
1,1,1,theparlourbeautyrooms.ie,1,1,0,1,0,0,/dehl/Yah/T/Y1.html,1,https,1,1,1,0,0,,1,0
1,1,1,jovan.soldatovic.org,1,1,1,1,0,0,/css/google-manual/a3b6313fcfae89f8e394f9198ade566c/,1,http,1,1,1,0,0,jovan,0,1
1,1,1,www.diethealthresource4u.com,1,1,1,1,0,0,/wp-content/plugins/Ashe/5940275e8ad33d7180718c132f39d9f0/,1,http,1,1,1,0,0,www,0,1
1,1,1,noway.oloruntiseoluwaseyi.com,1,1,1,1,0,0,/006a9f1115c643200c315b5fde539f46/,1,http,1,1,1,0,0,noway,0,2
1,1,1,mobile-free.metulwx.com,1,1,1,1,0,0,/mobile/impaye/74b3256454ac92ff371620778f69eb18/,1,http,1,1,1,0,0,mobile-free,2,1
1,1,1,mobile-free.metulwx.com,1,1,1,1,0,0,/mobile/impaye/0bd551f8a879b3352e896aa800838a06/,1,http,1,1,1,0,0,mobile-free,2,1
1,1,1,tahubulat.co.id,2,1,0,1,0,0,/allana/dropbox/,1,http,1,1,1,0,0,,1,0
1,1,1,siyacom.net,2,1,1,1,0,0,/listoforderitemsneededforurgentsupply/cgi-bin/fomfix/form/confirm.php,1,http,1,1,1,0,0,,1,1
1,1,1,yokohamajijyou.com,1,1,1,1,0,0,/fos/,2,http,1,1,0,0,0,,1,0
1,1,1,zovermedical.com.sa,1,1,0,1,0,0,/bcvbcvsss/aptgd/,1,http,1,1,1,0,0,,1,0
1,1,1,zovermedical.com.sa,1,1,0,1,0,0,/okla/aptgd/,2,http,1,1,1,0,0,,1,0
1,1,1,wocci.com,0,1,1,1,0,0,/c3/,2,http,1,1,0,0,0,,1,0
1,1,1,lambabajunior.com,1,1,1,1,0,0,/lol/image.htm,2,http,1,1,1,0,0,,1,0
1,1,1,primoframe.com,2,1,1,1,0,0,/Scott/,2,http,1,1,0,0,0,,1,0
1,1,1,baltkagroup.com,2,1,1,1,0,0,/mailcheck/source/verification.php,1,http,1,1,1,0,0,,1,2
1,1,1,nordaglia.com,2,1,1,1,0,0,/gcheck/source/verification.php,1,http,1,1,1,0,0,,1,0
1,1,1,baltkagroup.com,2,1,1,1,0,0,/check/source/verification.php,1,http,1,1,1,0,0,,1,0
1,1,1,the-yellows.eu,2,1,0,1,0,0,/www.paypal.com/paypal/www.PayPal.com%20Full-Z/ffggf5g9652g6g526g2g6dgd2g6g26g5gf63g26g52g/,1,http,1,1,1,0,0,,1,1
1,1,1,wpcgwadar.com,2,1,1,1,0,0,/Mayor/Wm.php,2,http,1,1,1,0,0,,1,0
1,1,1,brimkers.com,2,1,1,1,0,0,/superprojects/aidss/,1,http,1,1,1,0,0,,1,0
1,1,1,get-verifi.esy.es,1,1,0,1,0,0,/recovery-chekpoint-login.html,1,http,1,1,1,0,0,get-verifi,2,2
1,1,1,tinyurl.com,2,1,1,1,0,0,/lyol54j,2,http,1,1,0,0,0,,1,0
1,1,1,the-yellows.eu,2,1,0,1,0,0,/www.paypal.com/paypal/www.PayPal.com%20Full-Z/ffggf5g9652g6g526g2g6dgd2g6g26g5gf63g26g52g/webscr.html,1,http,1,1,1,0,0,,1,1
1,1,1,adds-info-pages2017.hol.es,1,1,0,1,0,0,/recovery-chekpoint-login.html,1,http,1,1,1,0,0,adds-info-pages2017,1,2
1,1,1,pc-virus-373n3lc.info,1,1,0,1,0,0,/,0,http,1,1,1,0,0,,1,0
1,1,1,theparlourbeautyrooms.ie,1,1,0,1,0,0,/jimu/gmx/gmx.html,1,http,1,1,1,0,0,,1,0
1,1,1,loogin-facebook-checkpoin7888.esy.es,1,1,0,1,0,0,/confirmation/,2,http,1,1,1,0,0,loogin-facebook-checkpoin7888,1,2
1,1,1,studycanberra.com,1,1,1,1,0,0,/boaa/step3.html,1,http,1,1,1,0,0,,1,0
1,1,1,studycanberra.com,1,1,1,1,0,0,/boaa/step2.html,1,http,1,1,1,0,0,,1,0
1,1,1,studycanberra.com,1,1,1,1,0,0,/boaa/step1.html,1,http,1,1,1,0,0,,1,0
1,1,1,mobile-free.metulwx.com,1,1,1,1,0,0,/mobile/impaye/8c38590d8b9294bd252db02c0e55650f/,1,http,1,1,1,0,0,mobile-free,2,1
1,1,1,www.chevysportsman.com,1,1,1,1,0,0,/xxxxx/Aol/aol.htm,1,https,1,1,1,0,0,www,0,0
1,1,1,nasydco.com,2,1,1,1,0,0,/wp-includes/paypal.com.au/webscr.html,1,http,1,1,1,0,0,,1,2
1,1,1,notif-offices.esy.es,1,1,0,1,0,0,/recovery-chekpoint-login.html,1,http,1,1,1,0,0,notif-offices,2,2
1,1,1,cover-acct2083.esy.es,1,1,0,1,0,0,/index.html,2,http,1,1,1,0,0,cover-acct2083,2,0
1,1,1,skanke.no,0,1,0,1,0,0,/wp-content/themes/moc.htm,1,http,1,1,1,0,0,,1,0
1,1,1,wickedsickness.com,1,1,1,1,0,0,/lkjshx/mailbox/index.php,1,http,1,1,1,0,0,,1,2
1,1,1,mailemacces.form2pay.com,1,1,1,1,0,0,/accessmails.html,1,http,1,1,1,0,0,mailemacces,2,0
1,1,1,tinyurl.com,2,1,1,1,0,0,/kqoverh,2,http,1,1,0,0,0,,1,0
1,1,1,www.inhomecareidaho.com,1,1,1,1,0,0,/wp-includes/news/dropbaka/07b4089c45eabdd3349d4d8ba473301a/pindex.php,1,http,1,1,1,0,0,www,0,1
1,1,1,selectonline24hs.com,1,1,1,1,0,0,/protecao/mobi.php,1,http,1,1,1,0,0,,1,0
1,1,1,selectonline24hs.com,1,1,1,1,0,0,/protecao/,2,http,1,1,0,0,0,,1,0
1,1,1,bit.ly,0,1,0,1,0,0,/2oPEpec,2,http,1,1,0,0,0,,1,0
1,1,1,www.theyolostore.com,1,1,1,1,0,0,/js/calendar/skins/aqua/welcome/AOL/index-aol.html,1,http,1,1,1,0,0,www,0,1
1,1,1,question.pcubelive.com,1,1,1,1,0,0,/investment/html/,1,http,1,1,1,0,0,question,0,0
1,1,1,kamazcentr.nichost.ru,1,1,0,1,0,0,/media/k2/index2.html,1,http,1,1,1,0,0,kamazcentr,2,0
1,1,1,bloggersport.org,2,1,1,1,0,0,/wp/ice/019b523910bc10f01e6f1c97caa50942/,1,https,1,1,1,0,0,,1,2
1,1,1,emax.kiev.ua,2,1,0,1,0,0,/wp-admin/network/online/ppl/b5579b272d610f0640c300afb0bda1ce/,1,http,1,1,1,0,0,,1,1
1,1,1,privatewebschool.esy.es,1,1,0,1,0,0,/Mafioz0o_v1,2,http,1,1,1,0,0,privatewebschool,2,0
1,1,1,privatewebschool.esy.es,1,1,0,1,0,0,/Mafioz0o_v1/,2,http,1,1,1,0,0,privatewebschool,2,0
1,1,1,forms.zohopublic.com,1,1,1,1,0,0,/adminhelpdesk/form/Reunionformforindividual/formperma/b0e00045C9hHf46k0BK80mG4B,1,https,1,1,1,0,0,forms,0,1
1,1,1,www.australinvestment.com,1,1,1,1,0,0,/.NSGG/B/,2,https,1,1,1,0,0,www,0,0
1,1,1,medicareindiana.com,1,1,1,1,0,0,/wp-includes/js/autoexcel/excel/excel.php,1,http,1,1,1,0,0,,1,1
1,1,1,jobduties.org,2,1,1,1,0,0,/boj/bmg/,2,http,1,1,1,0,0,,1,0
1,1,1,www.wanderfootventures.com,1,1,1,1,0,0,/images/admin/match.html,1,http,1,1,1,0,0,www,0,2
1,1,1,w-reia.com,2,1,1,1,0,0,/suntitle/new.php,1,http,1,1,1,0,0,,1,1
1,1,1,w-reia.com,2,1,1,1,0,0,/bremer/new.php,1,http,1,1,1,0,0,,1,1
1,1,1,cenkershipping.com,1,1,1,1,0,0,/wp-content/upload/moc.htm,1,http,1,1,1,0,0,,1,0
1,1,1,www.mltmarine.com,1,1,1,1,0,0,/ml/Tr4p/bf653e242e090f4367f03ec51d4c779e/,1,http,1,1,1,0,0,www,0,2
1,1,1,ultravioleta.com.br,1,1,0,1,0,0,/webalizer/-/2017/Atualizacao.Santander-evite-transtornos/Atualizacao.Santander2016/,1,http,1,1,1,0,0,,1,1
1,1,1,mundialpecas.com,2,1,1,1,0,0,/gdc/wp-admiin/wp-admiin/admiinn/index.htm,1,http,1,1,1,0,0,,1,2
1,1,1,subscribe-free.info,1,1,0,1,0,0,/Mobiels37627/33fa0/07dc9/moncompte/index.php,1,http,1,1,1,0,0,,1,2
1,1,1,payqal-com-secured.user-recover-id.igg.biz,1,1,0,1,2,0,/da90b0e6d260ad69c12c7db6333dd256MjI4MTVhM2FjZWJkZmU3ZTJjYjYwNmZhMTAyMjkwYTA=/,1,http,1,1,1,0,0,payqal-com-secured.user-recover-id,1,1
1,1,1,www.australinvestment.com,1,1,1,1,0,0,/.NSGG/B/,2,https,1,1,1,0,0,www,0,1
1,1,1,www.alaedincenter.com,1,1,1,1,0,0,/.modul/.triads/board3/blackboard.htm,1,http,1,1,1,0,0,www,0,2
1,1,1,j8x.96.lt,0,1,0,1,0,0,/f/,2,http,1,1,1,0,0,j8x,0,0
1,1,1,support-5560.hol.es,1,1,0,1,0,0,/confirmation,2,http,1,1,1,0,0,support-5560,2,0
1,1,1,vetsipujcka.cz,2,1,0,1,0,0,/,0,http,1,1,1,0,0,,1,2
1,1,1,acct-recovery-check.esy.es,1,1,0,1,0,0,/index.html,2,http,1,1,1,0,0,acct-recovery-check,1,0
1,1,1,ulrickfdghj123456.com,1,1,1,1,0,0,/kffjdjsk/Validation/,1,http,1,1,1,0,0,,1,0
1,1,1,safety-check-64879.esy.es,1,1,0,1,0,0,/index.html,2,http,1,1,1,0,0,safety-check-64879,1,0
1,1,1,forryscountrystore.com,1,1,1,1,0,0,/wp-content/gallery/dpbx/,1,http,1,1,1,0,0,,1,2
1,1,1,safety-check-98735.esy.es,1,1,0,1,0,0,/index.html,2,http,1,1,1,0,0,safety-check-98735,1,0
1,1,1,usbank-auth37code.esy.es,1,1,0,1,0,0,/USDB/Home/home/auth/,1,http,1,1,1,0,0,usbank-auth37code,1,0
1,1,1,acct8877.esy.es,2,1,0,1,0,0,/index.html,2,http,1,1,1,0,0,acct8877,0,0
1,1,1,02929483338cocq.000webhostapp.com,1,1,1,1,0,0,/1.html,2,http,1,1,1,0,0,02929483338cocq,2,0
1,1,1,safety-check-28365.esy.es,1,1,0,1,0,0,/index.html,2,http,1,1,1,0,0,safety-check-28365,1,0
1,1,1,recover8544.esy.es,1,1,0,1,0,0,/index.html,2,http,1,1,1,0,0,recover8544,2,0
1,1,1,safety-check-67894.esy.es,1,1,0,1,0,0,/index.html,2,http,1,1,1,0,0,safety-check-67894,1,0
1,1,1,1drv.ms,0,1,0,1,0,0,/xs/s!AvfoNB0AXVhBqm2v9e3mLYZGm2Y8,1,https,1,1,1,0,0,,1,0
1,1,1,ow.ly,0,1,0,1,0,0,/2G1V30bdj5z,2,http,1,1,0,0,0,,1,0
